municipio,vereda,coordenada_x,coordenada_y,latitud,longitud,altura,cuenca_hidrogr_fica,fen_meno_natural,n_mero_informe,fecha_reporte,enlace_a_reporte
Pasto,Jamondino,4524419,1689768,1.188839,-77.272563,2615,Río Juanambú,Avenida torrencial quebrada Guachucal represamiento,1037,2024-12-27T00:00:00.000,"{'url': 'http://corponarino.gov.co/wp-content/uploads/2025/02/IS-1037_2024_PASTO.pdf', 'description': 'Informe'}"
Pasto,Santa Elena,4525650,1688285,1.175471,-77.261504,2725,Río Juanambú,Avenida torrencial vereda Santa Helena,1037,2024-12-27T00:00:00.000,"{'url': 'http://corponarino.gov.co/wp-content/uploads/2025/02/IS-1037_2024_PASTO.pdf', 'description': 'Informe'}"
Pasto,Santa Elena,4525796,1688233,1.175004,-77.260194,2732,Río Juanambú,Estructura hidráulica obstruida,1037,2024-12-27T00:00:00.000,"{'url': 'http://corponarino.gov.co/wp-content/uploads/2025/02/IS-1037_2024_PASTO.pdf', 'description': 'Informe'}"
Pasto,Santa Elena,4525960,1687956,1.172506,-77.25872,2759,Río Juanambú,Valle de las Piedras,1037,2024-12-27T00:00:00.000,"{'url': 'http://corponarino.gov.co/wp-content/uploads/2025/02/IS-1037_2024_PASTO.pdf', 'description': 'Informe'}"
Pasto,Santa Elena,4526479,1687726,1.170437,-77.254063,2795,Río Juanambú,Avenida torrencial quebrada Guachucal,1037,2024-12-27T00:00:00.000,"{'url': 'http://corponarino.gov.co/wp-content/uploads/2025/02/IS-1037_2024_PASTO.pdf', 'description': 'Informe'}"
Pasto,Santa Elena,4526624,1687617,1.169455,-77.252761,2827,Río Juanambú,Avenida torrencial quebrada Guachucal,1037,2024-12-27T00:00:00.000,"{'url': 'http://corponarino.gov.co/wp-content/uploads/2025/02/IS-1037_2024_PASTO.pdf', 'description': 'Informe'}"
Pasto,Santa Elena,4528005,1687300,1.166613,-77.240373,3002,Río Juanambú,Avenida torrencial quebrada Guachucal,1037,2024-12-27T00:00:00.000,"{'url': 'http://corponarino.gov.co/wp-content/uploads/2025/02/IS-1037_2024_PASTO.pdf', 'description': 'Informe'}"
Pasto,El Socorro,4535452,1688287,1.175623,-77.173603,3199,Río Juanambú,Avenida torrencial,1037,2024-12-27T00:00:00.000,"{'url': 'http://corponarino.gov.co/wp-content/uploads/2025/02/IS-1037_2024_PASTO.pdf', 'description': 'Informe'}"
Pasto,El Socorro,4535801,1688351,1.176206,-77.170474,3155,Río Juanambú,Avenida torrencial,1037,2024-12-27T00:00:00.000,"{'url': 'http://corponarino.gov.co/wp-content/uploads/2025/02/IS-1037_2024_PASTO.pdf', 'description': 'Informe'}"
Pasto,El Socorro,4535853,1688426,1.176883,-77.170008,3151,Río Juanambú,Avenida torrencial,1037,2024-12-27T00:00:00.000,"{'url': 'http://corponarino.gov.co/wp-content/uploads/2025/02/IS-1037_2024_PASTO.pdf', 'description': 'Informe'}"
Pasto,El Socorro,4535854,1688447,1.177073,-77.17,3157,Río Juanambú,Avenida torrencial,1037,2024-12-27T00:00:00.000,"{'url': 'http://corponarino.gov.co/wp-content/uploads/2025/02/IS-1037_2024_PASTO.pdf', 'description': 'Informe'}"
Pasto,El Socorro,4536256,1688659,1.178992,-77.166397,3104,Río Juanambú,Deslizamiento,1037,2024-12-27T00:00:00.000,"{'url': 'http://corponarino.gov.co/wp-content/uploads/2025/02/IS-1037_2024_PASTO.pdf', 'description': 'Informe'}"
Pasto,El Socorro,4535962,1688822,1.180459,-77.169036,3204,Río Juanambú,Deslizamiento en alta pendiente,1037,2024-12-27T00:00:00.000,"{'url': 'http://corponarino.gov.co/wp-content/uploads/2025/02/IS-1037_2024_PASTO.pdf', 'description': 'Informe'}"
Pasto,El Socorro,4536548,1689031,1.182354,-77.163783,3078,Río Juanambú,Avenida torrencial y deslizamiento,1037,2024-12-27T00:00:00.000,"{'url': 'http://corponarino.gov.co/wp-content/uploads/2025/02/IS-1037_2024_PASTO.pdf', 'description': 'Informe'}"
Pasto,El Socorro,4537009,1688255,1.175355,-77.159639,2967,Río Juanambú,Pérdida de banca,1037,2024-12-27T00:00:00.000,"{'url': 'http://corponarino.gov.co/wp-content/uploads/2025/02/IS-1037_2024_PASTO.pdf', 'description': 'Informe'}"
Pasto,El Socorro,4537303,1687997,1.17303,-77.156998,2934,Río Juanambú,Avenida torrencial,1037,2024-12-27T00:00:00.000,"{'url': 'http://corponarino.gov.co/wp-content/uploads/2025/02/IS-1037_2024_PASTO.pdf', 'description': 'Informe'}"
Pasto,El Socorro,4537513,1687646,1.169865,-77.15511,2889,Río Juanambú,Avenida torrencial,1037,2024-12-27T00:00:00.000,"{'url': 'http://corponarino.gov.co/wp-content/uploads/2025/02/IS-1037_2024_PASTO.pdf', 'description': 'Informe'}"
Pasto,El Socorro,4537504,1687618,1.169612,-77.155191,2886,Río Juanambú,Avenida torrencial,1037,2024-12-27T00:00:00.000,"{'url': 'http://corponarino.gov.co/wp-content/uploads/2025/02/IS-1037_2024_PASTO.pdf', 'description': 'Informe'}"
Tablón de Gómez,Belén,4543860,1716514,1.430557,-77.098607,1580,Río Juanambú,"Socavación, vertimiento de aguas negras",1021,2024-11-27T00:00:00.000,"{'url': 'http://corponarino.gov.co/wp-content/uploads/2025/02/IS-__1021_2024-Tablon-de-Gomez.pdf', 'description': 'Informe'}"
Tablón de Gómez,Belén,4544448,1716544,1.430838,-77.093333,1570,Río Juanambú,Deslizamiento rotacional,1021,2024-11-27T00:00:00.000,"{'url': 'http://corponarino.gov.co/wp-content/uploads/2025/02/IS-__1021_2024-Tablon-de-Gomez.pdf', 'description': 'Informe'}"
Tablón de Gómez,Belén,4545099,1716727,1.4325,-77.087496,1450,Río Juanambú,Deslizamiento traslacional,1021,2024-11-27T00:00:00.000,"{'url': 'http://corponarino.gov.co/wp-content/uploads/2025/02/IS-__1021_2024-Tablon-de-Gomez.pdf', 'description': 'Informe'}"
Tablón de Gómez,La Victoria,4545935,1717064,1.435556,-77.080003,1470,Río Juanambú,Deslizamiento traslacional,1021,2024-11-27T00:00:00.000,"{'url': 'http://corponarino.gov.co/wp-content/uploads/2025/02/IS-__1021_2024-Tablon-de-Gomez.pdf', 'description': 'Informe'}"
Tablón de Gómez,La Victoria,4546152,1717064,1.43556,-77.078056,1450,Río Juanambú,"Avenida torrencial, colapso de puente",1021,2024-11-27T00:00:00.000,"{'url': 'http://corponarino.gov.co/wp-content/uploads/2025/02/IS-__1021_2024-Tablon-de-Gomez.pdf', 'description': 'Informe'}"
San Pablo,Barrio Los Angeles,4553805,1743233,1.671951,-77.00985,1765,Río Mayo,Avenida torrencial Quebrada Bateros,897,2024-11-15T00:00:00.000,"{'url': 'http://corponarino.gov.co/wp-content/uploads/2025/02/IS-897_2024-SAN-PABLO.pdf', 'description': 'Informe'}"
San Pablo,Vereda La Brisa,4553274,1743414,1.673575,-77.014618,1773,Río Mayo,Avenida torrencial Quebrada La Brisa,897,2024-11-15T00:00:00.000,"{'url': 'http://corponarino.gov.co/wp-content/uploads/2025/02/IS-897_2024-SAN-PABLO.pdf', 'description': 'Informe'}"
San Pablo,Puente San Pablo - Colón,4553588,1742537,1.665663,-77.011784,1683,Río Mayo,Avenida torrencial puente vía Colón,897,2024-11-15T00:00:00.000,"{'url': 'http://corponarino.gov.co/wp-content/uploads/2025/02/IS-897_2024-SAN-PABLO.pdf', 'description': 'Informe'}"
San Pablo,Avenida La Playa,4552543,1742948,1.669354,-77.021168,1661,Río Mayo,Avenida torrencial vía Avenida La Playa,897,2024-11-15T00:00:00.000,"{'url': 'http://corponarino.gov.co/wp-content/uploads/2025/02/IS-897_2024-SAN-PABLO.pdf', 'description': 'Informe'}"
San Pablo,Barrio Fátima,4553263,1742712,1.667237,-77.014704,1694,Río Mayo,Deslizamiento traslacional,897,2024-11-15T00:00:00.000,"{'url': 'http://corponarino.gov.co/wp-content/uploads/2025/02/IS-897_2024-SAN-PABLO.pdf', 'description': 'Informe'}"
La Cruz,La Vega,4559534,1736914,1.615001,-76.958336,2010,Río Mayo,Colapso puente,888,2024-11-13T00:00:00.000,"{'url': 'http://corponarino.gov.co/wp-content/uploads/2025/02/IS-_888_2024-La_Cruz.pdf', 'description': 'Informe'}"
La Cruz,San Francisco,4559969,1737528,1.620552,-76.954443,2240,Río Mayo,"Colapso puente, reptación",888,2024-11-13T00:00:00.000,"{'url': 'http://corponarino.gov.co/wp-content/uploads/2025/02/IS-_888_2024-La_Cruz.pdf', 'description': 'Informe'}"
La Cruz,San Gerardo,4561766,1738140,1.62611,-76.938331,2290,Río Mayo,"Colapso puente, avenida torrencial, deslizamiento traslacional",888,2024-11-13T00:00:00.000,"{'url': 'http://corponarino.gov.co/wp-content/uploads/2025/02/IS-_888_2024-La_Cruz.pdf', 'description': 'Informe'}"
La Cruz,Cofradia,4560896,1736696,1.613056,-76.946112,2250,Río Mayo,Deslizamiento traslacional,888,2024-11-13T00:00:00.000,"{'url': 'http://corponarino.gov.co/wp-content/uploads/2025/02/IS-_888_2024-La_Cruz.pdf', 'description': 'Informe'}"
La Cruz,Cofradia,4561390,1735772,1.604722,-76.941663,2130,Río Mayo,Deslizamiento traslacional,888,2024-11-13T00:00:00.000,"{'url': 'http://corponarino.gov.co/wp-content/uploads/2025/02/IS-_888_2024-La_Cruz.pdf', 'description': 'Informe'}"
Los Andes,Aurora Alta,4495640,1724093,1.498119,-77.531155,2001,Río Guáitara,Deslizamiento rotacional,869,2024-10-24T00:00:00.000,"{'url': 'http://corponarino.gov.co/wp-content/uploads/2025/02/IS-869_2024-LOS-ANDES-SOTOMAYOR.pdf', 'description': 'Informe'}"
Los Andes,Los Balsos,4499555,1726153,1.516779,-77.496094,1211,Río Guáitara,Deslizamiento rotacional,869,2024-10-24T00:00:00.000,"{'url': 'http://corponarino.gov.co/wp-content/uploads/2025/02/IS-869_2024-LOS-ANDES-SOTOMAYOR.pdf', 'description': 'Informe'}"
Los Andes,Los Balsos,4499594,1726091,1.51622,-77.495743,1211,Río Guáitara,Deslizamiento rotacional,869,2024-10-24T00:00:00.000,"{'url': 'http://corponarino.gov.co/wp-content/uploads/2025/02/IS-869_2024-LOS-ANDES-SOTOMAYOR.pdf', 'description': 'Informe'}"
Los Andes,Los Balsos,4500066,1725883,1.514352,-77.491507,1100,Río Guáitara,Deslizamiento rotacional,869,2024-10-24T00:00:00.000,"{'url': 'http://corponarino.gov.co/wp-content/uploads/2025/02/IS-869_2024-LOS-ANDES-SOTOMAYOR.pdf', 'description': 'Informe'}"
Los Andes,Los Balsos,4500683,1725633,1.512108,-77.485971,1053,Río Guáitara,Deslizamiento rotacional,869,2024-10-24T00:00:00.000,"{'url': 'http://corponarino.gov.co/wp-content/uploads/2025/02/IS-869_2024-LOS-ANDES-SOTOMAYOR.pdf', 'description': 'Informe'}"
La Llanada,Casco Urbano,4490248,1721326,1.473054,-77.579441,2310,Río Guáitara,Muro de contención en inadecuado estado,866,2024-10-23T00:00:00.000,"{'url': 'http://corponarino.gov.co/wp-content/uploads/2025/02/IS-_866_2024-La_Llanada.pdf', 'description': 'Informe'}"
La Llanada,Casco Urbano,4490278,1721141,1.471386,-77.579169,2260,Río Guáitara,Escorrentia de agua,866,2024-10-23T00:00:00.000,"{'url': 'http://corponarino.gov.co/wp-content/uploads/2025/02/IS-_866_2024-La_Llanada.pdf', 'description': 'Informe'}"
La Llanada,Casco Urbano,4489907,1721481,1.474446,-77.582501,2280,Río Guáitara,Asentamiento del terreno,866,2024-10-23T00:00:00.000,"{'url': 'http://corponarino.gov.co/wp-content/uploads/2025/02/IS-_866_2024-La_Llanada.pdf', 'description': 'Informe'}"
La Llanada,La Floresta,4490685,1721522,1.47483,-77.575527,2270,Río Guáitara,Deslizamiento traslacional,866,2024-10-23T00:00:00.000,"{'url': 'http://corponarino.gov.co/wp-content/uploads/2025/02/IS-_866_2024-La_Llanada.pdf', 'description': 'Informe'}"
La Llanada,La Floresta,4490836,1721356,1.473336,-77.574171,2230,Río Guáitara,Deslizamiento traslacional,866,2024-10-23T00:00:00.000,"{'url': 'http://corponarino.gov.co/wp-content/uploads/2025/02/IS-_866_2024-La_Llanada.pdf', 'description': 'Informe'}"
La Llanada,La Floresta,4490882,1721268,1.472543,-77.573757,2230,Río Guáitara,Deslizamiento traslacional,866,2024-10-23T00:00:00.000,"{'url': 'http://corponarino.gov.co/wp-content/uploads/2025/02/IS-_866_2024-La_Llanada.pdf', 'description': 'Informe'}"
La Llanada,La Floresta,4491293,1721018,1.470295,-77.570068,2200,Río Guáitara,Deslizamiento traslacional,866,2024-10-23T00:00:00.000,"{'url': 'http://corponarino.gov.co/wp-content/uploads/2025/02/IS-_866_2024-La_Llanada.pdf', 'description': 'Informe'}"
El Peñol,Pindopamba,4509054,1724782,1.504584,-77.410899,913,Río Guáitara,Deslizamiento rotacional,754,2024-09-25T00:00:00.000,"{'url': 'http://corponarino.gov.co/wp-content/uploads/2025/02/IS-754_24-EL-PENOL.pdf', 'description': 'Informe'}"
El Peñol,Guambanga,4508402,1722410,1.483167,-77.416703,1362,Río Guáitara,Vivienda afectada Milena Ibarra,754,2024-09-25T00:00:00.000,"{'url': 'http://corponarino.gov.co/wp-content/uploads/2025/02/IS-754_24-EL-PENOL.pdf', 'description': 'Informe'}"
El Peñol,Guambanga,4508492,1722487,1.483864,-77.415897,1358,Río Guáitara,Vivienda afectada José Jaramillo,754,2024-09-25T00:00:00.000,"{'url': 'http://corponarino.gov.co/wp-content/uploads/2025/02/IS-754_24-EL-PENOL.pdf', 'description': 'Informe'}"
El Peñol,Guambanga,4508458,1722479,1.483791,-77.416202,1356,Río Guáitara,Vivienda afectada deshabitada,754,2024-09-25T00:00:00.000,"{'url': 'http://corponarino.gov.co/wp-content/uploads/2025/02/IS-754_24-EL-PENOL.pdf', 'description': 'Informe'}"
El Peñol,Guambanga,4508514,1722473,1.483738,-77.415699,1364,Río Guáitara,Vivienda afectada Mileidy Ramos,754,2024-09-25T00:00:00.000,"{'url': 'http://corponarino.gov.co/wp-content/uploads/2025/02/IS-754_24-EL-PENOL.pdf', 'description': 'Informe'}"
El Peñol,Guambanga,4508536,1722479,1.483792,-77.415502,1365,Río Guáitara,Estadio veredal,754,2024-09-25T00:00:00.000,"{'url': 'http://corponarino.gov.co/wp-content/uploads/2025/02/IS-754_24-EL-PENOL.pdf', 'description': 'Informe'}"
El Peñol,Guambanga,4508570,1722443,1.483468,-77.415197,1378,Río Guáitara,Vivienda afectada Nathaly David,754,2024-09-25T00:00:00.000,"{'url': 'http://corponarino.gov.co/wp-content/uploads/2025/02/IS-754_24-EL-PENOL.pdf', 'description': 'Informe'}"
El Peñol,Guambanga,4508503,1722431,1.483358,-77.415797,1372,Río Guáitara,Hundimiento del terreno,754,2024-09-25T00:00:00.000,"{'url': 'http://corponarino.gov.co/wp-content/uploads/2025/02/IS-754_24-EL-PENOL.pdf', 'description': 'Informe'}"
Sandona,Roma Chavez,4500835,1699878,1.279724,-77.484167,1680,Río Guáitara,Deslizamiento rotacional,833,2024-09-09T00:00:00.000,"{'url': 'http://corponarino.gov.co/wp-content/uploads/2025/02/IS-_833_2024-SANDONA.pdf', 'description': 'Informe'}"
Sandoná,Roma Chavez,4500804,1699909,1.280003,-77.484445,1690,Río Guáitara,Deslizamiento traslacional,833,2024-09-09T00:00:00.000,"{'url': 'http://corponarino.gov.co/wp-content/uploads/2025/02/IS-_833_2024-SANDONA.pdf', 'description': 'Informe'}"
Sandoná,Roma Chavez,4499750,1699726,1.278335,-77.493891,1450,Río Guáitara,Deslizamiento traslacional,833,2024-09-09T00:00:00.000,"{'url': 'http://corponarino.gov.co/wp-content/uploads/2025/02/IS-_833_2024-SANDONA.pdf', 'description': 'Informe'}"
Sandoná,Roma Chavez,4499365,1700098,1.281685,-77.497348,1430,Río Guáitara,Deslizamiento rotacional,833,2024-09-09T00:00:00.000,"{'url': 'http://corponarino.gov.co/wp-content/uploads/2025/02/IS-_833_2024-SANDONA.pdf', 'description': 'Informe'}"
Sandoná,Roma Chavez,4499579,1699372,1.275138,-77.495418,1210,Río Guáitara,Deslizamiento rotacional,833,2024-09-09T00:00:00.000,"{'url': 'http://corponarino.gov.co/wp-content/uploads/2025/02/IS-_833_2024-SANDONA.pdf', 'description': 'Informe'}"
Sandoná,Roma Chavez,4498735,1698842,1.270343,-77.502976,1170,Río Guáitara,Deslizamiento rotacional,833,2024-09-09T00:00:00.000,"{'url': 'http://corponarino.gov.co/wp-content/uploads/2025/02/IS-_833_2024-SANDONA.pdf', 'description': 'Informe'}"
Sandoná,Roma Chavez,4498195,1699293,1.274403,-77.507824,1020,Río Guáitara,Deslizamiento traslacional,833,2024-09-09T00:00:00.000,"{'url': 'http://corponarino.gov.co/wp-content/uploads/2025/02/IS-_833_2024-SANDONA.pdf', 'description': 'Informe'}"
Colón,David Alto,4549010,1739489,1.63806,-77.052801,2204,Río Mayo,"Deslizamiento, pérdida de banca",440,2024-07-10T00:00:00.000,"{'url': 'http://corponarino.gov.co/wp-content/uploads/2025/02/IS-440_2024-COLON-GENOVA.pdf', 'description': 'Informe'}"
Colón,David Alto,4549956,1738618,1.630214,-77.044298,2258,Río Mayo,"Deslizamiento, pérdida de banca",440,2024-07-10T00:00:00.000,"{'url': 'http://corponarino.gov.co/wp-content/uploads/2025/02/IS-440_2024-COLON-GENOVA.pdf', 'description': 'Informe'}"
Colón,Villanueva,4549016,1742594,1.666093,-77.052804,1512,Río Mayo,Puente inestable,440,2024-07-10T00:00:00.000,"{'url': 'http://corponarino.gov.co/wp-content/uploads/2025/02/IS-440_2024-COLON-GENOVA.pdf', 'description': 'Informe'}"
Belén,Sebastiancillo,4554084,1736309,1.609442,-77.007223,2460,Río Mayo,Pérdida de banca,441,2024-07-05T00:00:00.000,"{'url': 'http://corponarino.gov.co/wp-content/uploads/2025/02/IS-_0441_2024_BELEN_-1.pdf', 'description': 'Informe'}"
Belén,Sebastiancillo,4554053,1736432,1.610552,-77.007503,2470,Río Mayo,Deslizamiento rotacional,441,2024-07-05T00:00:00.000,"{'url': 'http://corponarino.gov.co/wp-content/uploads/2025/02/IS-_0441_2024_BELEN_-1.pdf', 'description': 'Informe'}"
Belén,Municipio de Belén,4552626,1734743,1.595277,-77.020276,2470,Río Mayo,Avenida torrencial,441,2024-07-05T00:00:00.000,"{'url': 'http://corponarino.gov.co/wp-content/uploads/2025/02/IS-_0441_2024_BELEN_-1.pdf', 'description': 'Informe'}"
Belén,Campo de María Alto,4552375,1733051,1.579997,-77.022498,2640,Río Mayo,Pérdida de banca,441,2024-07-05T00:00:00.000,"{'url': 'http://corponarino.gov.co/wp-content/uploads/2025/02/IS-_0441_2024_BELEN_-1.pdf', 'description': 'Informe'}"
Belén,Campo de María Alto,4552344,1733021,1.579725,-77.022775,2640,Río Mayo,Pérdida de banca,441,2024-07-05T00:00:00.000,"{'url': 'http://corponarino.gov.co/wp-content/uploads/2025/02/IS-_0441_2024_BELEN_-1.pdf', 'description': 'Informe'}"
San Bernardo,Arboletes- San Francisco,4549046,1724904,1.506386,-77.052224,1860,Río Juanambú,Avenida torrencial,288,2024-06-14T00:00:00.000,"{'url': 'http://corponarino.gov.co/wp-content/uploads/2025/02/IS-288_2024-SAN-BERNARDO.pdf', 'description': 'Informe'}"
San Bernardo,San Francisco,4549263,1725212,1.509171,-77.050282,1900,Río Juanambú,"Deslizamiento, avenida torrencial",288,2024-06-14T00:00:00.000,"{'url': 'http://corponarino.gov.co/wp-content/uploads/2025/02/IS-288_2024-SAN-BERNARDO.pdf', 'description': 'Informe'}"
San Bernardo,San Francisco,4549295,1725242,1.509442,-77.049996,1900,Río Juanambú,Avenida torrencial,288,2024-06-14T00:00:00.000,"{'url': 'http://corponarino.gov.co/wp-content/uploads/2025/02/IS-288_2024-SAN-BERNARDO.pdf', 'description': 'Informe'}"
San Bernardo,San Francisco,4549233,1725427,1.511111,-77.050555,1940,Río Juanambú,"Deslizamiento, avenida torrencial",288,2024-06-14T00:00:00.000,"{'url': 'http://corponarino.gov.co/wp-content/uploads/2025/02/IS-288_2024-SAN-BERNARDO.pdf', 'description': 'Informe'}"
San Bernardo,San Francisco,4549481,1725580,1.512497,-77.048333,1950,Río Juanambú,"Deslizamiento, avenida torrencial",288,2024-06-14T00:00:00.000,"{'url': 'http://corponarino.gov.co/wp-content/uploads/2025/02/IS-288_2024-SAN-BERNARDO.pdf', 'description': 'Informe'}"
San Bernardo,San Francisco,4549513,1725980,1.516109,-77.048052,1960,Río Juanambú,Caída de roca,288,2024-06-14T00:00:00.000,"{'url': 'http://corponarino.gov.co/wp-content/uploads/2025/02/IS-288_2024-SAN-BERNARDO.pdf', 'description': 'Informe'}"
San Bernardo,San Francisco,4549636,1725949,1.515831,-77.046948,1970,Río Juanambú,Deslizamiento,288,2024-06-14T00:00:00.000,"{'url': 'http://corponarino.gov.co/wp-content/uploads/2025/02/IS-288_2024-SAN-BERNARDO.pdf', 'description': 'Informe'}"
San Bernardo,San Francisco,4549854,1726226,1.518335,-77.044997,1970,Río Juanambú,"Deslizamiento, avenida torrencial",288,2024-06-14T00:00:00.000,"{'url': 'http://corponarino.gov.co/wp-content/uploads/2025/02/IS-288_2024-SAN-BERNARDO.pdf', 'description': 'Informe'}"
San Bernardo,San Francisco,4550040,1726441,1.520279,-77.043333,2000,Río Juanambú,Deslizamiento,288,2024-06-14T00:00:00.000,"{'url': 'http://corponarino.gov.co/wp-content/uploads/2025/02/IS-288_2024-SAN-BERNARDO.pdf', 'description': 'Informe'}"
San Bernardo,San Francisco,4551189,1728285,1.536947,-77.033056,2120,Río Juanambú,"Deslizamiento, avenida torrencial",288,2024-06-14T00:00:00.000,"{'url': 'http://corponarino.gov.co/wp-content/uploads/2025/02/IS-288_2024-SAN-BERNARDO.pdf', 'description': 'Informe'}"
San Bernardo,San Francisco,4550255,1725702,1.513611,-77.041391,2060,Río Juanambú,Avenida torrencial,288,2024-06-14T00:00:00.000,"{'url': 'http://corponarino.gov.co/wp-content/uploads/2025/02/IS-288_2024-SAN-BERNARDO.pdf', 'description': 'Informe'}"
San José de Albán,Campo Bello,4547990,1723183,1.490831,-77.061668,1900,Río Juanambú,Deslizamiento,258,2024-06-14T00:00:00.000,"{'url': 'http://corponarino.gov.co/wp-content/uploads/2025/02/IS-_258_2024-SAN-JOSE-DE-ALBAN_1.pdf', 'description': 'Informe'}"
San José de Albán,Campo Bello,4547308,1722538,1.484997,-77.067775,1920,Río Juanambú,Grietas,258,2024-06-14T00:00:00.000,"{'url': 'http://corponarino.gov.co/wp-content/uploads/2025/02/IS-_258_2024-SAN-JOSE-DE-ALBAN_1.pdf', 'description': 'Informe'}"
San José de Albán,Carmelo,4546967,1722570,1.48528,-77.070835,1910,Río Juanambú,"Deslizamiento, pérdida de banca",258,2024-06-14T00:00:00.000,"{'url': 'http://corponarino.gov.co/wp-content/uploads/2025/02/IS-_258_2024-SAN-JOSE-DE-ALBAN_1.pdf', 'description': 'Informe'}"
San José de Albán,Fátima,4546070,1722848,1.487775,-77.078886,1740,Río Juanambú,Deslizamiento rotacional,258,2024-06-14T00:00:00.000,"{'url': 'http://corponarino.gov.co/wp-content/uploads/2025/02/IS-_258_2024-SAN-JOSE-DE-ALBAN_1.pdf', 'description': 'Informe'}"
San José de Albán,Buena Vista,4544704,1720882,1.470004,-77.091107,1550,Río Juanambú,"Falla en la vía, grietas",258,2024-06-14T00:00:00.000,"{'url': 'http://corponarino.gov.co/wp-content/uploads/2025/02/IS-_258_2024-SAN-JOSE-DE-ALBAN_1.pdf', 'description': 'Informe'}"
San José de Albán,Buena Vista,4544486,1720667,1.468059,-77.093059,1520,Río Juanambú,Pérdida de banca,258,2024-06-14T00:00:00.000,"{'url': 'http://corponarino.gov.co/wp-content/uploads/2025/02/IS-_258_2024-SAN-JOSE-DE-ALBAN_1.pdf', 'description': 'Informe'}"
San José de Albán,Buena Vista,4543990,1720083,1.462779,-77.097499,1510,Río Juanambú,Socavación lateral,258,2024-06-14T00:00:00.000,"{'url': 'http://corponarino.gov.co/wp-content/uploads/2025/02/IS-_258_2024-SAN-JOSE-DE-ALBAN_1.pdf', 'description': 'Informe'}"
Funes,La Vega,4506858,1670027,1.010452,-77.429755,2100,Río Guáitara,Avenida torrencial,201,2024-06-04T00:00:00.000,"{'url': 'http://corponarino.gov.co/wp-content/uploads/2025/02/IS-201_2024-FUNES.pdf', 'description': 'Informe'}"
Funes,La Vega,4506211,1670378,1.013612,-77.435559,2020,Río Guáitara,Deslizamiento rotacional,201,2024-06-04T00:00:00.000,"{'url': 'http://corponarino.gov.co/wp-content/uploads/2025/02/IS-201_2024-FUNES.pdf', 'description': 'Informe'}"
Funes,Santa Maria,4503175,1670505,1.01472,-77.462777,2030,Río Guáitara,Deslizamiento rotacional,201,2024-06-04T00:00:00.000,"{'url': 'http://corponarino.gov.co/wp-content/uploads/2025/02/IS-201_2024-FUNES.pdf', 'description': 'Informe'}"
Funes,La Vega,4504815,1668564,0.997226,-77.448052,2300,Río Guáitara,Grietas,201,2024-06-04T00:00:00.000,"{'url': 'http://corponarino.gov.co/wp-content/uploads/2025/02/IS-201_2024-FUNES.pdf', 'description': 'Informe'}"
Funes,La Vega,4504877,1668902,1.000277,-77.4475,2190,Río Guáitara,Deslizamiento traslacional,201,2024-06-04T00:00:00.000,"{'url': 'http://corponarino.gov.co/wp-content/uploads/2025/02/IS-201_2024-FUNES.pdf', 'description': 'Informe'}"
Iles,La Esperanza,4502431,1666521,0.978762,-77.469398,2052,Río Guáitara,Avenida torrencial,218,2024-05-31T00:00:00.000,"{'url': 'http://corponarino.gov.co/wp-content/uploads/2025/02/IT-218_2024-ILES.pdf', 'description': 'Informe'}"
Buesaco,Santa María,4538368,1712019,1.389892,-77.147796,1685,Río Juanambú,"Avenida torrencial, obstrucción de alcantarilla",234,2024-05-23T00:00:00.000,"{'url': 'http://corponarino.gov.co/wp-content/uploads/2025/02/IS-234_2024-BUESACO.pdf', 'description': 'Informe'}"
Buesaco,Santa María,4538670,1712769,1.396667,-77.1451,1724,Río Juanambú,"Avenida torrencial, pérdida parcial de banca",234,2024-05-23T00:00:00.000,"{'url': 'http://corponarino.gov.co/wp-content/uploads/2025/02/IS-234_2024-BUESACO.pdf', 'description': 'Informe'}"
Pasto,Membrillo-Guaico,4524719,1688514,1.177521,-77.269859,2830,Río Juanambú,Posible avenida torrencial,108,2024-04-22T00:00:00.000,"{'url': 'http://corponarino.gov.co/wp-content/uploads/2025/02/IT-Membrillo-Guaico-1.pdf', 'description': 'Informe'}"
Ricaurte,Cuaiquer Viejo,4439108,1693985,1.225559,-78.037219,1050,Río Güiza,Deslizamiento,107,2024-04-19T00:00:00.000,"{'url': 'http://corponarino.gov.co/wp-content/uploads/2025/02/INFORME_SEGUIMIENTO_RICAURTE.pdf', 'description': 'Informe'}"
Ricaurte,"Ospina Perez, Chambu, cartagena",4439480,1694230,1.227774,-78.033891,1050,Río Güiza,Deslizamiento,107,2024-04-19T00:00:00.000,"{'url': 'http://corponarino.gov.co/wp-content/uploads/2025/02/INFORME_SEGUIMIENTO_RICAURTE.pdf', 'description': 'Informe'}"
Ricaurte,San Isidro,4442641,1693269,1.219163,-78.00556,1120,Río Güiza,Deslizamiento,107,2024-04-19T00:00:00.000,"{'url': 'http://corponarino.gov.co/wp-content/uploads/2025/02/INFORME_SEGUIMIENTO_RICAURTE.pdf', 'description': 'Informe'}"
Ricaurte,El Rollo,4443323,1692837,1.21528,-77.999443,1140,Río Güiza,Pérdida de banca,107,2024-04-19T00:00:00.000,"{'url': 'http://corponarino.gov.co/wp-content/uploads/2025/02/INFORME_SEGUIMIENTO_RICAURTE.pdf', 'description': 'Informe'}"
Ancuya,Campamento,4499274,1692861,1.216386,-77.498053,1220,Río Guáitara,Avenida torrencial,99,2024-04-04T00:00:00.000,"{'url': 'http://corponarino.gov.co/wp-content/uploads/2025/02/IT-099_24-ANCUYA-1.pdf', 'description': 'Informe'}"
Samaniego,Vía Balalaica- Samaniego,4488047,1705504,1.330274,-77.598893,1480,Río Guáitara,Deslizamiento,3508,2023-12-18T00:00:00.000,"{'url': 'https://corponarino.gov.co/wp-content/uploads/2024/05/INFORME_SEGUIMIENTO_SAMANIEGO-2023.pdf', 'description': 'Informe'}"
Samaniego,Vía Balalaica- Samaniego,4489324,1708673,1.358885,-77.587499,1520,Río Guáitara,Deslizamiento,3508,2023-12-18T00:00:00.000,"{'url': 'https://corponarino.gov.co/wp-content/uploads/2024/05/INFORME_SEGUIMIENTO_SAMANIEGO-2023.pdf', 'description': 'Informe'}"
Santacruz,Vía Balalaica- Guachavés,4480306,1692062,1.208887,-77.668058,2310,Río Guáitara,Deslizamiento,3796,2023-12-11T00:00:00.000,"{'url': 'https://corponarino.gov.co/wp-content/uploads/2024/05/INFORME-DE-CONTROL_MONITOREO_GUACHAVES-2023.pdf', 'description': 'Informe'}"
Santacruz,Vía Balalaica- Guachavés,4479005,1692619,1.213891,-77.679727,2550,Río Guáitara,Deslizamiento,3796,2023-12-11T00:00:00.000,"{'url': 'https://corponarino.gov.co/wp-content/uploads/2024/05/INFORME-DE-CONTROL_MONITOREO_GUACHAVES-2023.pdf', 'description': 'Informe'}"
Santacruz,Vía Balalaica- Guachavés,4479006,1693173,1.218889,-77.679727,2550,Río Guáitara,Avenida torrencial,3796,2023-12-11T00:00:00.000,"{'url': 'https://corponarino.gov.co/wp-content/uploads/2024/05/INFORME-DE-CONTROL_MONITOREO_GUACHAVES-2023.pdf', 'description': 'Informe'}"
Buesaco,Vía Buesaco- Villa Moreno,4536508,1709634,1.368333,-77.164442,2010,Río Juanambú,Deslizamiento,3629,2023-12-04T00:00:00.000,"{'url': 'https://corponarino.gov.co/wp-content/uploads/2024/05/INFORME-DE-CONTROL_MONITOREO_BUESACO-2023.pdf', 'description': 'Informe'}"
Buesaco,Vía Buesaco- Villa Moreno,4535390,1708067,1.354171,-77.174444,2000,Río Juanambú,Agrietamiento,3629,2023-12-04T00:00:00.000,"{'url': 'https://corponarino.gov.co/wp-content/uploads/2024/05/INFORME-DE-CONTROL_MONITOREO_BUESACO-2023.pdf', 'description': 'Informe'}"
Pasto,El Encano,4535602,1685633,1.151668,-77.172222,2800,Río Juanambú,Reptación,3056,2023-08-25T00:00:00.000,"{'url': 'https://corponarino.gov.co/wp-content/uploads/2024/05/INFORME-DE-CONTROL_MONITOREO_EL-ENCANO-2023.pdf', 'description': 'Informe'}"
Pasto,El Encano,4535229,1684895,1.145001,-77.175558,2800,Río Juanambú,Avenida torrencial,3056,2023-08-25T00:00:00.000,"{'url': 'https://corponarino.gov.co/wp-content/uploads/2024/05/INFORME-DE-CONTROL_MONITOREO_EL-ENCANO-2023.pdf', 'description': 'Informe'}"
Pasto,El Encano,4536412,1688740,1.179725,-77.164999,3100,Río Juanambú,Deslizamiento,3056,2023-08-25T00:00:00.000,"{'url': 'https://corponarino.gov.co/wp-content/uploads/2024/05/INFORME-DE-CONTROL_MONITOREO_EL-ENCANO-2023.pdf', 'description': 'Informe'}"
Pasto,El Encano,4535078,1687665,1.170003,-77.176948,3000,Río Juanambú,Deslizamiento,3056,2023-08-25T00:00:00.000,"{'url': 'https://corponarino.gov.co/wp-content/uploads/2024/05/INFORME-DE-CONTROL_MONITOREO_EL-ENCANO-2023.pdf', 'description': 'Informe'}"
El Tambo,Vía Tambo-Peñol,4511382,1707793,1.351315,-77.389733,2500,Río Guáitara- Río Juanambú,Pérdida de banca,3,2023-07-25T00:00:00.000,"{'url': 'https://corponarino.gov.co/wp-content/uploads/2024/05/3.-INFORME-VISITA-EL-TAMBO_SEG_003-23.pdf', 'description': 'Informe'}"
El Tambo,Vía Tambo-Peñol,4511940,1708461,1.357352,-77.384741,2550,Río Guáitara- Río Juanambú,Reptación,3,2023-07-25T00:00:00.000,"{'url': 'https://corponarino.gov.co/wp-content/uploads/2024/05/3.-INFORME-VISITA-EL-TAMBO_SEG_003-23.pdf', 'description': 'Informe'}"
El Tambo,Vía Tambo-Peñol,4512118,1708737,1.359846,-77.383149,2450,Río Guáitara- Río Juanambú,Deslizamiento,3,2023-07-25T00:00:00.000,"{'url': 'https://corponarino.gov.co/wp-content/uploads/2024/05/3.-INFORME-VISITA-EL-TAMBO_SEG_003-23.pdf', 'description': 'Informe'}"
El Tambo,Saraconcho,4510348,1719255,1.454731,-77.399198,2300,Río Guáitara- Río Juanambú,Deslizamiento,2748,2023-07-22T00:00:00.000,"{'url': 'https://corponarino.gov.co/wp-content/uploads/2024/05/3.-INFORME-VISITA-EL-TAMBO_SARACONCHO_SEG_004-23.pdf', 'description': 'Informe'}"
El Tambo,Saraconcho,4510218,1719295,1.45509,-77.400364,2300,Río Guáitara- Río Juanambú,Deslizamiento,2748,2023-07-21T00:00:00.000,"{'url': 'https://corponarino.gov.co/wp-content/uploads/2024/05/3.-INFORME-VISITA-EL-TAMBO_SARACONCHO_SEG_004-23.pdf', 'description': 'Informe'}"
El Tambo,Saraconcho,4510351,1719208,1.454307,-77.39917,2300,Río Guáitara- Río Juanambú,Deslizamiento,2748,2023-07-20T00:00:00.000,"{'url': 'https://corponarino.gov.co/wp-content/uploads/2024/05/3.-INFORME-VISITA-EL-TAMBO_SARACONCHO_SEG_004-23.pdf', 'description': 'Informe'}"
El Tambo,Saraconcho,4512100,1717311,1.437219,-77.383455,2300,Río Guáitara- Río Juanambú,Deslizamiento,2748,2023-07-19T00:00:00.000,"{'url': 'https://corponarino.gov.co/wp-content/uploads/2024/05/3.-INFORME-VISITA-EL-TAMBO_SARACONCHO_SEG_004-23.pdf', 'description': 'Informe'}"
Funes,VEREDA CUAPUSCAL,4504409,1673786,1.044341,-77.451756,1950,Río Guáitara,Afectaciones por deslizamiento y represamiento río Guáitara,20,2023-07-19T00:00:00.000,"{'url': 'https://corponarino.gov.co/wp-content/uploads/2024/05/INFORME-DE-CONTROL_MONITOREO_EL-PEDREGAL-1-2023.pdf', 'description': 'Informe'}"
El Tambo,Saraconcho,4512095,1715187,1.418052,-77.383463,2450,Río Guáitara- Río Juanambú,Deslizamiento,2748,2023-07-18T00:00:00.000,"{'url': 'https://corponarino.gov.co/wp-content/uploads/2024/05/3.-INFORME-VISITA-EL-TAMBO_SARACONCHO_SEG_004-23.pdf', 'description': 'Informe'}"
El Tambo,Saraconcho,4512096,1715095,1.417221,-77.383453,2400,Río Guáitara- Río Juanambú,Deslizamiento,2748,2023-07-17T00:00:00.000,"{'url': 'https://corponarino.gov.co/wp-content/uploads/2024/05/3.-INFORME-VISITA-EL-TAMBO_SARACONCHO_SEG_004-23.pdf', 'description': 'Informe'}"
El Tambo,Saraconcho,4512913,1714726,1.413905,-77.376121,2250,Río Guáitara- Río Juanambú,Deslizamiento,2748,2023-07-16T00:00:00.000,"{'url': 'https://corponarino.gov.co/wp-content/uploads/2024/05/3.-INFORME-VISITA-EL-TAMBO_SARACONCHO_SEG_004-23.pdf', 'description': 'Informe'}"
El Tambo,Saraconcho,4512099,1719189,1.454167,-77.383496,2100,Río Guáitara- Río Juanambú,Deslizamiento,2748,2023-07-15T00:00:00.000,"{'url': 'https://corponarino.gov.co/wp-content/uploads/2024/05/3.-INFORME-VISITA-EL-TAMBO_SARACONCHO_SEG_004-23.pdf', 'description': 'Informe'}"
El Tambo,Saraconcho,4510255,1718946,1.451941,-77.400026,2350,Río Guáitara- Río Juanambú,Deslizamiento,2748,2023-07-14T00:00:00.000,"{'url': 'https://corponarino.gov.co/wp-content/uploads/2024/05/3.-INFORME-VISITA-EL-TAMBO_SARACONCHO_SEG_004-23.pdf', 'description': 'Informe'}"
Puerres,Chitamar alto Cerro las tres Cruces,4499468,1655920,0.883075,-77.495837,3017,Río Guáitara,Erosión por sobrepastoreo,16,2023-06-24T00:00:00.000,"{'url': 'https://corponarino.gov.co/wp-content/uploads/2024/05/INFORME_CONTROL_MONITOREO_PUERRES-2023.pdf', 'description': 'Informe'}"
Puerres,Chitamar alto Cerro las tres Cruces,4499407,1656046,0.884211,-77.496385,2992,Río Guáitara,Agrietamiento cerro Las Cruces,16,2023-06-24T00:00:00.000,"{'url': 'https://corponarino.gov.co/wp-content/uploads/2024/05/INFORME_CONTROL_MONITOREO_PUERRES-2023.pdf', 'description': 'Informe'}"
San Pedro de Cartago,El Salado,4545175,1729834,1.550828,-77.087033,2650,Río Mayo,Deslizamiento rotacional retrogresivo,17,2023-04-26T00:00:00.000,"{'url': 'https://corponarino.gov.co/wp-content/uploads/2024/05/IT-017-INFORME-DE-CONTROL_MONITOREO_CERRO-CHIMAYOY-2023.pdf', 'description': 'Informe'}"
San Pedro de Cartago,El Salado,4545106,1729802,1.550538,-77.087652,2650,Río Mayo,Deslizamiento rotacional retrogresivo,17,2023-04-26T00:00:00.000,"{'url': 'https://corponarino.gov.co/wp-content/uploads/2024/05/IT-017-INFORME-DE-CONTROL_MONITOREO_CERRO-CHIMAYOY-2023.pdf', 'description': 'Informe'}"
San Pedro de Cartago,El Salado,4544972,1729783,1.550364,-77.088853,2700,Río Mayo,Deslizamiento rotacional retrogresivo,17,2023-04-26T00:00:00.000,"{'url': 'https://corponarino.gov.co/wp-content/uploads/2024/05/IT-017-INFORME-DE-CONTROL_MONITOREO_CERRO-CHIMAYOY-2023.pdf', 'description': 'Informe'}"
San Bernardo,Casco urbano,4549142,1725027,1.507499,-77.051365,1870,Río Juanambú,Avenida torrencial,131,2023-04-13T00:00:00.000,"{'url': 'https://corponarino.gov.co/wp-content/uploads/2024/05/IT-131-INFORME_CONTROL_MONITOREO_SAN_BERNARDO-2023.pdf', 'description': 'Informe'}"
San Bernardo,Casco urbano,4549254,1725257,1.509577,-77.050364,1882,Río Juanambú,Deslizamiento,131,2023-04-13T00:00:00.000,"{'url': 'https://corponarino.gov.co/wp-content/uploads/2024/05/IT-131-INFORME_CONTROL_MONITOREO_SAN_BERNARDO-2023.pdf', 'description': 'Informe'}"
San Bernardo,Casco urbano,4549404,1725608,1.512748,-77.049024,1925,Río Juanambú,Deslizamiento,131,2023-04-13T00:00:00.000,"{'url': 'https://corponarino.gov.co/wp-content/uploads/2024/05/IT-131-INFORME_CONTROL_MONITOREO_SAN_BERNARDO-2023.pdf', 'description': 'Informe'}"
San Bernardo,Casco urbano,4549669,1726118,1.517357,-77.046655,1933,Río Juanambú,Deslizamiento,131,2023-04-13T00:00:00.000,"{'url': 'https://corponarino.gov.co/wp-content/uploads/2024/05/IT-131-INFORME_CONTROL_MONITOREO_SAN_BERNARDO-2023.pdf', 'description': 'Informe'}"
San Bernardo,Casco urbano,4550291,1725631,1.512971,-77.041067,2045,Río Juanambú,Erosión avenidas torrenciales y socavación lateral,131,2023-04-13T00:00:00.000,"{'url': 'https://corponarino.gov.co/wp-content/uploads/2024/05/IT-131-INFORME_CONTROL_MONITOREO_SAN_BERNARDO-2023.pdf', 'description': 'Informe'}"
San José de Alban,Buena Vista,4543952,1720027,1.462273,-77.097839,1450,Río Juanambú,Socavación lateral,130,2023-04-13T00:00:00.000,"{'url': 'https://corponarino.gov.co/wp-content/uploads/2024/07/INFORME_CONTROL_MONITOREO_SAN_JOSE_DE_ALBAN-2023.pdf', 'description': 'Informe'}"
San José de Alban,Buena Vista,4544500,1720676,1.468141,-77.092934,1500,Río Juanambú,Deslizamiento y socavación lateral,130,2023-04-13T00:00:00.000,"{'url': 'https://corponarino.gov.co/wp-content/uploads/2024/07/INFORME_CONTROL_MONITOREO_SAN_JOSE_DE_ALBAN-2023.pdf', 'description': 'Informe'}"
San José de Alban,EL cebadero,4543975,1719941,1.461497,-77.097631,1448,Río Juanambú,Deslizamiento superficial y socavación lateral,130,2023-04-13T00:00:00.000,"{'url': 'https://corponarino.gov.co/wp-content/uploads/2024/07/INFORME_CONTROL_MONITOREO_SAN_JOSE_DE_ALBAN-2023.pdf', 'description': 'Informe'}"
San José de Alban,Buena Vista,4545741,1720573,1.467231,-77.0818,1849,Río Juanambú,Deslizamiento superficial y socavación lateral,130,2023-04-13T00:00:00.000,"{'url': 'https://corponarino.gov.co/wp-content/uploads/2024/07/INFORME_CONTROL_MONITOREO_SAN_JOSE_DE_ALBAN-2023.pdf', 'description': 'Informe'}"
San José de Alban,El Salado,4546919,1723302,1.491888,-77.071278,1693,Río Juanambú,Erosión y socavación lateral,130,2023-04-13T00:00:00.000,"{'url': 'https://corponarino.gov.co/wp-content/uploads/2024/07/INFORME_CONTROL_MONITOREO_SAN_JOSE_DE_ALBAN-2023.pdf', 'description': 'Informe'}"
Colón,Cimarronas,4543500,1739068,1.634158,-77.102224,1279,Río Mayo,Deslizamiento rotacional,19,2023-04-07T00:00:00.000,"{'url': 'https://corponarino.gov.co/wp-content/uploads/2024/05/IT-019-INFORME-DE-CONTROL_MONITOREO_COLON-2023.pdf', 'description': 'Informe'}"
Colón,La Florida,4545417,1737988,1.624444,-77.085007,1786,Río Mayo,Avenida torrencial,19,2023-04-07T00:00:00.000,"{'url': 'https://corponarino.gov.co/wp-content/uploads/2024/05/IT-019-INFORME-DE-CONTROL_MONITOREO_COLON-2023.pdf', 'description': 'Informe'}"
Mallama,BETANIA,4455907,1686162,1.155294,-77.886602,1886,Río Güiza,Deslizamiento,43,2022-12-20T00:00:00.000,"{'url': 'https://corponarino.gov.co/wp-content/uploads/2024/05/IT-043_22-SOLICITUD-MALLAMA-2022.pdf', 'description': 'Informe'}"
Samaniego,Tanamá,4489271,1710059,1.371387,-77.587997,1687,Río Guáitara,Avenida torrencial,15,2022-12-02T00:00:00.000,"{'url': 'https://corponarino.gov.co/wp-content/uploads/2024/05/IS_015_22_-INFORME-SAMANIEGO27-2022.pdf', 'description': 'Informe'}"
Samaniego,Tanamá,4489563,1710628,1.376524,-77.585393,1628,Río Guáitara,Inundación,15,2022-12-02T00:00:00.000,"{'url': 'https://corponarino.gov.co/wp-content/uploads/2024/05/IS_015_22_-INFORME-SAMANIEGO27-2022.pdf', 'description': 'Informe'}"
Samaniego,Tanamá,4489775,1710791,1.377999,-77.583497,1602,Río Guáitara,Avenida torrencial,15,2022-12-02T00:00:00.000,"{'url': 'https://corponarino.gov.co/wp-content/uploads/2024/05/IS_015_22_-INFORME-SAMANIEGO27-2022.pdf', 'description': 'Informe'}"
Samaniego,Tanamá,4490029,1709601,1.367274,-77.581194,1596,Río Guáitara,"Avenida torrencial, deslizamiento",15,2022-12-02T00:00:00.000,"{'url': 'https://corponarino.gov.co/wp-content/uploads/2024/05/IS_015_22_-INFORME-SAMANIEGO27-2022.pdf', 'description': 'Informe'}"
Samaniego,Tanamá,4489855,1709313,1.364669,-77.582748,1498,Río Guáitara,Avenida torrencial,15,2022-12-02T00:00:00.000,"{'url': 'https://corponarino.gov.co/wp-content/uploads/2024/05/IS_015_22_-INFORME-SAMANIEGO27-2022.pdf', 'description': 'Informe'}"
Imués,Pilcuan Viejo,4500971,1722443,1.48333,-77.48333,1828,Río Guáitara,Erosión fluvial,13,2022-11-09T00:00:00.000,"{'url': 'https://corponarino.gov.co/wp-content/uploads/2024/05/IS-_013_22-INFORME_IMUES-2022.pdf', 'description': 'Informe'}"
Imués,Pilcuan Viejo,4501069,1671610,1.024664,-77.481669,1835,Río Guáitara,Acumulación de material,13,2022-11-09T00:00:00.000,"{'url': 'https://corponarino.gov.co/wp-content/uploads/2024/05/IS-_013_22-INFORME_IMUES-2022.pdf', 'description': 'Informe'}"
Imués,Pilcuan Viejo,4501379,1671508,1.023748,-77.478889,1811,Río Guáitara,Caída de material,13,2022-11-09T00:00:00.000,"{'url': 'https://corponarino.gov.co/wp-content/uploads/2024/05/IS-_013_22-INFORME_IMUES-2022.pdf', 'description': 'Informe'}"
Imués,Pilcuan Viejo,4501720,1671428,1.02303,-77.475831,1789,Río Guáitara,Inundación,13,2022-11-09T00:00:00.000,"{'url': 'https://corponarino.gov.co/wp-content/uploads/2024/05/IS-_013_22-INFORME_IMUES-2022.pdf', 'description': 'Informe'}"
Guaitarilla,Pueblo Nuevo - Puente,4493542,1683502,1.13186,-77.549299,2778,Río Guáitara,Caída de muro de contención,14,2022-11-03T00:00:00.000,"{'url': 'https://corponarino.gov.co/wp-content/uploads/2024/05/IS-014_22-GUAITARILLA-2022.pdf', 'description': 'Informe'}"
Guaitarilla,El Empedrado - Puente,4493576,1683850,1.135,-77.548999,2636,Río Guáitara,Avenida torrencial,14,2022-11-03T00:00:00.000,"{'url': 'https://corponarino.gov.co/wp-content/uploads/2024/05/IS-014_22-GUAITARILLA-2022.pdf', 'description': 'Informe'}"
Guaitarilla,El Rosal,4494024,1684736,1.143,-77.544996,2577,Río Guáitara,Inundación y/o zocavación lateral,14,2022-11-03T00:00:00.000,"{'url': 'https://corponarino.gov.co/wp-content/uploads/2024/05/IS-014_22-GUAITARILLA-2022.pdf', 'description': 'Informe'}"
San Pedro de Cartago,Yanangona,4504922,1704473,1.321251,-77.447599,2276,Río Juanambú,Deslizamiento rotacional,9,2022-09-14T00:00:00.000,"{'url': 'https://corponarino.gov.co/wp-content/uploads/2024/05/IS_009_22-INFORME-SAN-PEDRO-DE-CARTAGO-2022.pdf', 'description': 'Informe'}"
San Pedro de Cartago,Yanangona,4505000,1704553,1.321974,-77.446901,2280,Río Juanambú,Deslizamiento traslacional,9,2022-09-14T00:00:00.000,"{'url': 'https://corponarino.gov.co/wp-content/uploads/2024/05/IS_009_22-INFORME-SAN-PEDRO-DE-CARTAGO-2022.pdf', 'description': 'Informe'}"
San Pedro de Cartago,Yanangona,4508458,1704604,1.32249,-77.415899,2289,Río Juanambú,Deslizamiento rotacional,9,2022-09-14T00:00:00.000,"{'url': 'https://corponarino.gov.co/wp-content/uploads/2024/05/IS_009_22-INFORME-SAN-PEDRO-DE-CARTAGO-2022.pdf', 'description': 'Informe'}"
San Pablo,La Chorrera,4550807,1744878,1.686746,-77.036778,1793,Río Mayo,Deslizamiento traslacional,10,2022-09-01T00:00:00.000,"{'url': 'https://corponarino.gov.co/wp-content/uploads/2024/05/IS-010_22-LA-CHORRERA-SAN-PABLO-2022.pdf', 'description': 'Informe'}"
San Pablo,Campo bello,4551329,1745183,1.68951,-77.032101,1806,Río Mayo,Deslizamiento traslacional,10,2022-09-01T00:00:00.000,"{'url': 'https://corponarino.gov.co/wp-content/uploads/2024/05/IS-010_22-LA-CHORRERA-SAN-PABLO-2022.pdf', 'description': 'Informe'}"
San Pablo,Campo bello,4551340,1745203,1.689691,-77.032002,1810,Río Mayo,Avenida torrencial,10,2022-09-01T00:00:00.000,"{'url': 'https://corponarino.gov.co/wp-content/uploads/2024/05/IS-010_22-LA-CHORRERA-SAN-PABLO-2022.pdf', 'description': 'Informe'}"
San Pablo,Campo bello,4551496,1745145,1.68917,-77.030602,1869,Río Mayo,Deslizamiento traslacional,10,2022-09-01T00:00:00.000,"{'url': 'https://corponarino.gov.co/wp-content/uploads/2024/05/IS-010_22-LA-CHORRERA-SAN-PABLO-2022.pdf', 'description': 'Informe'}"
San Pablo,Campo bello,4551362,1745066,1.688454,-77.031803,1809,Río Mayo,Avenida torrencial,10,2022-09-01T00:00:00.000,"{'url': 'https://corponarino.gov.co/wp-content/uploads/2024/05/IS-010_22-LA-CHORRERA-SAN-PABLO-2022.pdf', 'description': 'Informe'}"
San Pablo,La Chorrera,4551228,1744643,1.684633,-77.032997,1727,Río Mayo,Deslizamiento traslacional retrogresivo,10,2022-09-01T00:00:00.000,"{'url': 'https://corponarino.gov.co/wp-content/uploads/2024/05/IS-010_22-LA-CHORRERA-SAN-PABLO-2022.pdf', 'description': 'Informe'}"
Puerres,Monopamba,4517772,1647757,0.809601,-77.331668,2099,Río Guáitara,Avenida torrencial,3,2022-06-01T00:00:00.000,"{'url': 'https://corponarino.gov.co/wp-content/uploads/2024/05/IS-003_22-PUERRES-2022.pdf', 'description': 'Informe'}"
Consacá,El Hatillo,4499466,1696642,1.250504,-77.496389,1537,Río Guáitara,Deslizamiento,645,2022-05-18T00:00:00.000,"{'url': 'https://corponarino.gov.co/wp-content/uploads/2024/05/IT-645_22-SOLICITUD-CONSACA-2022.pdf', 'description': 'Informe'}"
San Pedro de Cartago,Yanangona,4545194,1729812,1.550629,-77.086862,2732,Río Juanambú,Deslizamiento,4,2022-04-28T00:00:00.000,"{'url': 'https://corponarino.gov.co/wp-content/uploads/2024/05/IS-004_22-SAN-PEDRO-DE-CARTAGO-2022.pdf', 'description': 'Informe'}"
San Pedro de Cartago,Yanangona,4545292,1729924,1.551642,-77.085985,2781,Río Juanambú,Deslizamiento,4,2022-04-28T00:00:00.000,"{'url': 'https://corponarino.gov.co/wp-content/uploads/2024/05/IS-004_22-SAN-PEDRO-DE-CARTAGO-2022.pdf', 'description': 'Informe'}"
San Pedro de Cartago,Yanangona,4546766,1730327,1.555306,-77.072769,2850,Río Juanambú,Deslizamiento,4,2022-04-28T00:00:00.000,"{'url': 'https://corponarino.gov.co/wp-content/uploads/2024/05/IS-004_22-SAN-PEDRO-DE-CARTAGO-2022.pdf', 'description': 'Informe'}"
San Pedro de Cartago,Martín,4545441,1727193,1.52699,-77.084602,2379,Río Juanambú,Deslizamiento,4,2022-04-28T00:00:00.000,"{'url': 'https://corponarino.gov.co/wp-content/uploads/2024/05/IS-004_22-SAN-PEDRO-DE-CARTAGO-2022.pdf', 'description': 'Informe'}"
San Pedro de Cartago,Martín,4544783,1726860,1.523973,-77.090499,2477,Río Juanambú,Deslizamiento,4,2022-04-28T00:00:00.000,"{'url': 'https://corponarino.gov.co/wp-content/uploads/2024/05/IS-004_22-SAN-PEDRO-DE-CARTAGO-2022.pdf', 'description': 'Informe'}"
Ancuya,Zona Urbana y Rural,4497741,1697079,1.25442,-77.51186,1174,Río Guáitara,"Deslizamiento, avenida torrencial",291,2022-04-08T00:00:00.000,"{'url': 'https://corponarino.gov.co/wp-content/uploads/2024/05/IT-291-ANCUYA-08-DE-ABRIL-2022.pdf', 'description': 'Informe'}"
Funes,La Vega,4506920,1669966,1.009903,-77.429198,2034,Río Guáitara,Avenida torrencial,789,2022-01-11T00:00:00.000,"{'url': 'https://corponarino.gov.co/wp-content/uploads/2024/05/IT_IS-789-FUNES-2021.pdf', 'description': 'Informe'}"
La Florida,Catauca,4506884,1711170,1.381714,-77.430118,2297,Río Guáitara,Deslizamiento,790,2021-12-22T00:00:00.000,"{'url': 'https://corponarino.gov.co/wp-content/uploads/2024/05/IT-790-LA-FLORIDA-2021.pdf', 'description': 'Informe'}"
La Florida,Chinchal,4504677,1709249,1.364343,-77.449874,2297,Río Guáitara,Avenida torrencial,790,2021-12-22T00:00:00.000,"{'url': 'https://corponarino.gov.co/wp-content/uploads/2024/05/IT-790-LA-FLORIDA-2021.pdf', 'description': 'Informe'}"
La Florida,Yunguilla,4504367,1707308,1.346823,-77.452621,2297,Río Guáitara,Deslizamiento,790,2021-12-22T00:00:00.000,"{'url': 'https://corponarino.gov.co/wp-content/uploads/2024/05/IT-790-LA-FLORIDA-2021.pdf', 'description': 'Informe'}"
Mallama,San Miguel,4448614,1689802,1.188002,-77.951996,3152,Río Güiza,Inundación y/o avenidas torrenciales,1034,2021-11-04T00:00:00.000,"{'url': 'https://corponarino.gov.co/wp-content/uploads/2024/05/IS-1034_21-MALLAMA-2021.pdf', 'description': 'Informe'}"
Mallama,Carcuel,4452633,1690127,1.190997,-77.915996,1749,Río Güiza,Avenida torrencial,1034,2021-11-04T00:00:00.000,"{'url': 'https://corponarino.gov.co/wp-content/uploads/2024/05/IS-1034_21-MALLAMA-2021.pdf', 'description': 'Informe'}"
La Florida,Barrio El Bosque,4509892,1701888,1.298004,-77.402999,2177,Río Guáitara,Deslizamiento,1652,2021-09-24T00:00:00.000,"{'url': 'https://corponarino.gov.co/wp-content/uploads/2024/05/IT-LA-FLORIDA-1625-21-2021.pdf', 'description': 'Informe'}"
Imués,Pilcuan Viejo,4500920,1671537,1.024004,-77.483004,2574,Río Guáitara,Inundación y/o avenidas torrenciales,360,2021-09-23T00:00:00.000,"{'url': 'https://corponarino.gov.co/wp-content/uploads/2024/05/IT_360-IMUES-2021-1.pdf', 'description': 'Informe'}"
Imués,Pilcuan Viejo,4501144,1671536,1.023997,-77.480996,2565,Río Guáitara,Inundación y/o avenidas torrenciales,360,2021-09-23T00:00:00.000,"{'url': 'https://corponarino.gov.co/wp-content/uploads/2024/05/IT_360-IMUES-2021-1.pdf', 'description': 'Informe'}"
Imués,Pilcuan Viejo,4501367,1671425,1.022999,-77.478996,2553,Río Guáitara,Inundación y/o avenidas torrenciales,360,2021-09-23T00:00:00.000,"{'url': 'https://corponarino.gov.co/wp-content/uploads/2024/05/IT_360-IMUES-2021-1.pdf', 'description': 'Informe'}"
Imués,Pilcuan Viejo,4501813,1671314,1.022003,-77.474996,2528,Río Guáitara,Inundación y/o avenidas torrenciales,360,2021-09-23T00:00:00.000,"{'url': 'https://corponarino.gov.co/wp-content/uploads/2024/05/IT_360-IMUES-2021-1.pdf', 'description': 'Informe'}"
San José de Alban,El Salado,4546924,1723283,1.491716,-77.071233,1718,Río Juanambú,Avenida torrencial,442,2021-09-21T00:00:00.000,"{'url': 'https://corponarino.gov.co/wp-content/uploads/2024/07/05_Informe-San-Jose-de-Alban-2021.pdf', 'description': 'Informe'}"
San José de Alban,El Salado,4546915,1723269,1.49159,-77.071313,1718,Río Juanambú,Socavación,442,2021-09-21T00:00:00.000,"{'url': 'https://corponarino.gov.co/wp-content/uploads/2024/07/05_Informe-San-Jose-de-Alban-2021.pdf', 'description': 'Informe'}"
Guaitarilla,Casco Urbano,4493467,1683397,1.130912,-77.549969,2630,Río Guáitara,Movimiento en masa,59,2021-09-03T00:00:00.000,"{'url': 'https://corponarino.gov.co/wp-content/uploads/2024/05/2.-INFORME-VISITA-GUAITARILLA-CM-104_IT-059-2021.pdf', 'description': 'Informe'}"
Guaitarilla,Casco Urbano,4493349,1683747,1.134068,-77.551032,2649,Río Guáitara,Movimiento en masa,59,2021-09-03T00:00:00.000,"{'url': 'https://corponarino.gov.co/wp-content/uploads/2024/05/2.-INFORME-VISITA-GUAITARILLA-CM-104_IT-059-2021.pdf', 'description': 'Informe'}"
Guaitarilla,El Empredrado,4493809,1684875,1.144251,-77.546925,2570,Río Guáitara,Movimiento en masa,59,2021-09-03T00:00:00.000,"{'url': 'https://corponarino.gov.co/wp-content/uploads/2024/05/2.-INFORME-VISITA-GUAITARILLA-CM-104_IT-059-2021.pdf', 'description': 'Informe'}"
Guaitarilla,El Rosal,4493845,1684982,1.145217,-77.546604,2571,Río Guáitara,Movimiento en masa,59,2021-09-03T00:00:00.000,"{'url': 'https://corponarino.gov.co/wp-content/uploads/2024/05/2.-INFORME-VISITA-GUAITARILLA-CM-104_IT-059-2021.pdf', 'description': 'Informe'}"
Guaitarilla,San José,4491993,1680451,1.104312,-77.56314,2987,Río Guáitara,Movimiento en masa,59,2021-09-03T00:00:00.000,"{'url': 'https://corponarino.gov.co/wp-content/uploads/2024/05/2.-INFORME-VISITA-GUAITARILLA-CM-104_IT-059-2021.pdf', 'description': 'Informe'}"
Guaitarilla,San José,4491981,1681722,1.115779,-77.563266,2778,Río Guáitara,Avenida torrencial,59,2021-09-03T00:00:00.000,"{'url': 'https://corponarino.gov.co/wp-content/uploads/2024/05/2.-INFORME-VISITA-GUAITARILLA-CM-104_IT-059-2021.pdf', 'description': 'Informe'}"
Guaitarilla,San José,4493805,1681581,1.114532,-77.546914,2771,Río Guáitara,Avenida torrencial,59,2021-09-03T00:00:00.000,"{'url': 'https://corponarino.gov.co/wp-content/uploads/2024/05/2.-INFORME-VISITA-GUAITARILLA-CM-104_IT-059-2021.pdf', 'description': 'Informe'}"
Providencia,Santa Lucia,4487763,1698865,1.270376,-77.601329,2065,Río Guáitara,Deslizamiento,623,2021-07-20T00:00:00.000,"{'url': 'https://corponarino.gov.co/wp-content/uploads/2024/05/8.-INFORME-PROVIDENCIA-DOCUMENTAL-CM-623-2021.pdf', 'description': 'Informe'}"
La Florida,El Maco,4505547,1703455,1.312075,-77.441979,2076,Río Guáitara,Deslizamiento,622,2021-07-12T00:00:00.000,"{'url': 'https://corponarino.gov.co/wp-content/uploads/2024/05/7.-INFORME-VISITA-LA-FLORIDA-CM-622-2022.pdf', 'description': 'Informe'}"
La Florida,Catauca,4504381,1707350,1.347202,-77.452496,1420,Río Guáitara,"Deslizamiento, agrietamiento",622,2021-07-12T00:00:00.000,"{'url': 'https://corponarino.gov.co/wp-content/uploads/2024/05/7.-INFORME-VISITA-LA-FLORIDA-CM-622-2022.pdf', 'description': 'Informe'}"
La Unión,Chiscal alto,4543730,1733360,1.582633,-77.100058,1987,Río Mayo,Deslizamiento,300,2021-06-09T00:00:00.000,"{'url': 'https://corponarino.gov.co/wp-content/uploads/2024/05/6.-INFORME-VISITA-LA-UNION-CM-300-SIN-REVISAR-FALTA-FIRMA-2021.pdf', 'description': 'Informe'}"
La Unión,Cusillo alto,4544671,1733297,1.582082,-77.091615,2064,Río Mayo,Reptación,300,2021-06-09T00:00:00.000,"{'url': 'https://corponarino.gov.co/wp-content/uploads/2024/05/6.-INFORME-VISITA-LA-UNION-CM-300-SIN-REVISAR-FALTA-FIRMA-2021.pdf', 'description': 'Informe'}"
La Unión,Bellavista,4546533,1733555,1.584444,-77.074916,2320,Río Mayo,Deslizamiento rotacional,300,2021-06-09T00:00:00.000,"{'url': 'https://corponarino.gov.co/wp-content/uploads/2024/05/6.-INFORME-VISITA-LA-UNION-CM-300-SIN-REVISAR-FALTA-FIRMA-2021.pdf', 'description': 'Informe'}"
La Unión,Bellavista,4546820,1733382,1.582887,-77.072338,2247,Río Mayo,Deslizamiento rotacional,300,2021-06-09T00:00:00.000,"{'url': 'https://corponarino.gov.co/wp-content/uploads/2024/05/6.-INFORME-VISITA-LA-UNION-CM-300-SIN-REVISAR-FALTA-FIRMA-2021.pdf', 'description': 'Informe'}"
La Unión,Bellavista,4547125,1732563,1.575499,-77.069588,2320,Río Mayo,Deslizamiento rotacional,300,2021-06-09T00:00:00.000,"{'url': 'https://corponarino.gov.co/wp-content/uploads/2024/05/6.-INFORME-VISITA-LA-UNION-CM-300-SIN-REVISAR-FALTA-FIRMA-2021.pdf', 'description': 'Informe'}"
San Pedro de Cartago,Martín,4544755,1726857,1.523945,-77.09075,2509,Río Juanambú,Deslizamiento rotacional,299,2021-06-09T00:00:00.000,"{'url': 'https://corponarino.gov.co/wp-content/uploads/2024/05/5.-INFORME-VISITA-SAN-PEDRO-DE-CARTAGO-CM-299-2021.pdf', 'description': 'Informe'}"
San Pedro de Cartago,Yerbabuenal,4545440,1727200,1.527053,-77.084611,2383,Río Juanambú,Deslizamiento rotacional,299,2021-06-09T00:00:00.000,"{'url': 'https://corponarino.gov.co/wp-content/uploads/2024/05/5.-INFORME-VISITA-SAN-PEDRO-DE-CARTAGO-CM-299-2021.pdf', 'description': 'Informe'}"
San Pedro de Cartago,Yanangona,4546948,1728684,1.540476,-77.071108,2288,Río Juanambú,Deslizamiento,299,2021-06-09T00:00:00.000,"{'url': 'https://corponarino.gov.co/wp-content/uploads/2024/05/5.-INFORME-VISITA-SAN-PEDRO-DE-CARTAGO-CM-299-2021.pdf', 'description': 'Informe'}"
El Peñol,San Francisco,4507997,1720905,1.469579,-77.420307,2970,Río Juanambú,"Avenida torrencial, inundación",64,2021-05-18T00:00:00.000,"{'url': 'https://corponarino.gov.co/wp-content/uploads/2024/05/3.-INFORME-VISITA-EL-PENOL-IT-064-SIN-REVISAR-FALTA-FIRMA-2021.pdf', 'description': 'Informe'}"
Buesaco,Pajajoy- El Mirador,4534543,1707784,1.351603,-77.182037,2208,Río Juanambú,Deslizamiento,359,2021-04-29T00:00:00.000,"{'url': 'https://corponarino.gov.co/wp-content/uploads/2024/05/INFORME-VISITA-BUESACO-22-ABRIL-2021.pdf', 'description': 'Informe'}"
La Cruz,Tajumbina,4561827,1731698,1.567944,-76.937672,2798,Río Mayo,Deslizamiento rotacional sucesivo,61,2021-04-27T00:00:00.000,"{'url': 'https://corponarino.gov.co/wp-content/uploads/2024/05/33.-INFORME-VISITA-LA-CRUZ-_IT-061-2021.pdf', 'description': 'Informe'}"
La Cruz,Tajumbina,4562843,1730167,1.554137,-76.928531,2869,Río Mayo,Deslizamiento tipo flujo,61,2021-04-27T00:00:00.000,"{'url': 'https://corponarino.gov.co/wp-content/uploads/2024/05/33.-INFORME-VISITA-LA-CRUZ-_IT-061-2021.pdf', 'description': 'Informe'}"
Ricaurte,Casco urbano,4444120,1692168,1.209261,-77.992293,1245,Río Güiza,Deslizamiento,60,2021-04-15T00:00:00.000,"{'url': 'https://corponarino.gov.co/wp-content/uploads/2024/05/3.-INFORME-RICAURTE-ATENCION-CIRCULAR-No.-0049-2021.pdf', 'description': 'Informe'}"
San Bernardo,Mirador La Playa,4550023,1726895,1.524378,-77.043493,2028,Río Juanambú,Avenida torrencial,998,2020-12-22T00:00:00.000,"{'url': 'https://corponarino.gov.co/wp-content/uploads/2024/05/29.-IT-998-INFORME-VISITA-SAN-BERNARDO-2020.pdf', 'description': 'Informe'}"
San Pedro de Cartago,Martín,4545299,1729923,1.551633,-77.085922,2779,Río Mayo,Avenida torrencial,998,2020-12-17T00:00:00.000,"{'url': 'https://corponarino.gov.co/wp-content/uploads/2024/05/IT-998-INFORME-SAN-PEDRO-DE-CARTAGO-CERRO-CHIMAYOY-2020.pdf', 'description': 'Informe'}"
San Pedro de Cartago,Martín,4545203,1729809,1.550602,-77.086782,2743,Río Mayo,"Movimiento en masa, avenida torrencial",998,2020-12-17T00:00:00.000,"{'url': 'https://corponarino.gov.co/wp-content/uploads/2024/05/IT-998-INFORME-SAN-PEDRO-DE-CARTAGO-CERRO-CHIMAYOY-2020.pdf', 'description': 'Informe'}"
San Pedro de Cartago,Martín,4546628,1730271,1.554798,-77.074006,2797,Río Mayo,Movimiento en masa,998,2020-12-17T00:00:00.000,"{'url': 'https://corponarino.gov.co/wp-content/uploads/2024/05/IT-998-INFORME-SAN-PEDRO-DE-CARTAGO-CERRO-CHIMAYOY-2020.pdf', 'description': 'Informe'}"
Los Andes - Sotomayor,Vía Sotomayor,4500797,1725821,1.513806,-77.484952,1147,Río Guáitara,Deslizamiento,76,2020-12-01T00:00:00.000,"{'url': 'https://corponarino.gov.co/wp-content/uploads/2024/05/8.-INFORME-SOTOMAYOR-2020.pdf', 'description': 'Informe'}"
Mallama,Curcuel Piluales,4452623,1690194,1.191601,-77.916087,1494,Río Güiza,Avenida torrencial,72,2020-08-20T00:00:00.000,"{'url': 'https://corponarino.gov.co/wp-content/uploads/2024/05/27.-INFORME-C-IT-072-VISITA-MALLAMA-2020.pdf', 'description': 'Informe'}"
Mallama,Curcuel Piluales,4452967,1692042,1.208271,-77.913035,1856,Río Güiza,Avenida torrencial,72,2020-08-20T00:00:00.000,"{'url': 'https://corponarino.gov.co/wp-content/uploads/2024/05/27.-INFORME-C-IT-072-VISITA-MALLAMA-2020.pdf', 'description': 'Informe'}"
Mallama,Curcuel Piluales,4452952,1692063,1.20846,-77.913169,1841,Río Güiza,Movimiento en masa,72,2020-08-20T00:00:00.000,"{'url': 'https://corponarino.gov.co/wp-content/uploads/2024/05/27.-INFORME-C-IT-072-VISITA-MALLAMA-2020.pdf', 'description': 'Informe'}"
Guaitarilla,Casco Urbano,4493572,1683406,1.130996,-77.54903,2648,Río Guáitara,Movimiento en masa,74,2020-07-17T00:00:00.000,"{'url': 'https://corponarino.gov.co/wp-content/uploads/2024/05/20.-C.074.-INFORME-GUAITARILLA-17-07-2020-1.pdf', 'description': 'Informe'}"
Guaitarilla,Casco Urbano,4493492,1683807,1.134613,-77.549749,2664,Río Guáitara,Movimiento en masa,74,2020-07-17T00:00:00.000,"{'url': 'https://corponarino.gov.co/wp-content/uploads/2024/05/20.-C.074.-INFORME-GUAITARILLA-17-07-2020-1.pdf', 'description': 'Informe'}"
Guaitarilla,Casco Urbano,4493595,1683942,1.135834,-77.548833,2653,Río Guáitara,Movimiento en masa,74,2020-07-17T00:00:00.000,"{'url': 'https://corponarino.gov.co/wp-content/uploads/2024/05/20.-C.074.-INFORME-GUAITARILLA-17-07-2020-1.pdf', 'description': 'Informe'}"
Guaitarilla,Casco Urbano,4493620,1683973,1.136114,-77.548608,2644,Río Guáitara,Movimiento en masa,74,2020-07-17T00:00:00.000,"{'url': 'https://corponarino.gov.co/wp-content/uploads/2024/05/20.-C.074.-INFORME-GUAITARILLA-17-07-2020-1.pdf', 'description': 'Informe'}"
Guaitarilla,Casco Urbano,4493943,1684718,1.142834,-77.545725,2597,Río Guáitara,Movimiento en masa,74,2020-07-17T00:00:00.000,"{'url': 'https://corponarino.gov.co/wp-content/uploads/2024/05/20.-C.074.-INFORME-GUAITARILLA-17-07-2020-1.pdf', 'description': 'Informe'}"
Guaitarilla,Casco Urbano,4493860,1684822,1.143774,-77.546471,2578,Río Guáitara,Movimiento en masa,74,2020-07-17T00:00:00.000,"{'url': 'https://corponarino.gov.co/wp-content/uploads/2024/05/20.-C.074.-INFORME-GUAITARILLA-17-07-2020-1.pdf', 'description': 'Informe'}"
Guaitarilla,Casco Urbano,4493835,1685103,1.146307,-77.546696,2594,Río Guáitara,Movimiento en masa,74,2020-07-17T00:00:00.000,"{'url': 'https://corponarino.gov.co/wp-content/uploads/2024/05/20.-C.074.-INFORME-GUAITARILLA-17-07-2020-1.pdf', 'description': 'Informe'}"
Guaitarilla,Casco Urbano,4493844,1685183,1.14703,-77.546615,2586,Río Guáitara,Movimiento en masa,74,2020-07-17T00:00:00.000,"{'url': 'https://corponarino.gov.co/wp-content/uploads/2024/05/20.-C.074.-INFORME-GUAITARILLA-17-07-2020-1.pdf', 'description': 'Informe'}"
Guaitarilla,Casco Urbano,4493350,1683742,1.134025,-77.551025,2680,Río Guáitara,Movimiento en masa,74,2020-07-17T00:00:00.000,"{'url': 'https://corponarino.gov.co/wp-content/uploads/2024/05/20.-C.074.-INFORME-GUAITARILLA-17-07-2020-1.pdf', 'description': 'Informe'}"
San Lorenzo,Santa Cecilia,4530338,1731089,1.561892,-77.220141,2130,Río Juanambú,Movimiento en masa,72,2020-07-15T00:00:00.000,"{'url': 'https://corponarino.gov.co/wp-content/uploads/2024/05/26.-C-072.-INFORME-GESTION-DEL-RIESGO-SAN-LORENZO-2020.pdf', 'description': 'Informe'}"
San Lorenzo,El Carmen,4531723,1731501,1.565636,-77.207726,2026,Río Juanambú,Movimiento en masa,72,2020-07-15T00:00:00.000,"{'url': 'https://corponarino.gov.co/wp-content/uploads/2024/05/26.-C-072.-INFORME-GESTION-DEL-RIESGO-SAN-LORENZO-2020.pdf', 'description': 'Informe'}"
San Lorenzo,El Carmen,4531598,1732289,1.572747,-77.208862,2099,Río Juanambú,Movimiento en masa,72,2020-07-15T00:00:00.000,"{'url': 'https://corponarino.gov.co/wp-content/uploads/2024/05/26.-C-072.-INFORME-GESTION-DEL-RIESGO-SAN-LORENZO-2020.pdf', 'description': 'Informe'}"
San Lorenzo,El Carmen,4533882,1734611,1.593748,-77.188418,1866,Río Juanambú,Movimiento en masa,72,2020-07-15T00:00:00.000,"{'url': 'https://corponarino.gov.co/wp-content/uploads/2024/05/26.-C-072.-INFORME-GESTION-DEL-RIESGO-SAN-LORENZO-2020.pdf', 'description': 'Informe'}"
Tangua,Tapialquer Alto,4509877,1672516,1.032948,-77.402722,2546,Río Guáitara,Movimiento en masa,73,2020-07-14T00:00:00.000,"{'url': 'https://corponarino.gov.co/wp-content/uploads/2024/05/25.-C-073.-INFORME-TANGUA-14-07-2020.pdf', 'description': 'Informe'}"
Tangua,Tapialquer Alto,4510761,1673647,1.043168,-77.394808,2597,Río Guáitara,Movimiento en masa,73,2020-07-14T00:00:00.000,"{'url': 'https://corponarino.gov.co/wp-content/uploads/2024/05/25.-C-073.-INFORME-TANGUA-14-07-2020.pdf', 'description': 'Informe'}"
Santacruz,Las Minas,4478965,1695960,1.244029,-77.680138,2740,Río Guáitara,"Reptación, agrietamiento",71,2020-06-06T00:00:00.000,"{'url': 'https://corponarino.gov.co/wp-content/uploads/2024/05/24.-C-071.-INFORME-SANTACRUZ-2020.pdf', 'description': 'Informe'}"
Ricaurte,Chambú,4442673,1693283,1.219293,-78.005276,1147,Río Güiza,Deslizamiento,39,2020-05-13T00:00:00.000,"{'url': 'https://corponarino.gov.co/wp-content/uploads/2024/05/1.-INFORME-RICAURTE-2020.pdf', 'description': 'Informe'}"
La Unión,Los Sauces,4543663,1737579,1.620719,-77.100735,1673,Río Mayo,Movimiento en masa,585,2019-12-19T00:00:00.000,"{'url': 'https://corponarino.gov.co/wp-content/uploads/2024/05/9.-585.-SEGUIMIENTO-LA-UNION-17-DE-DICIEMBRE-2019.pdf', 'description': 'Informe'}"
La Unión,Los Sauces,4543539,1737922,1.623814,-77.101853,1621,Río Mayo,Movimiento en masa,585,2019-12-18T00:00:00.000,"{'url': 'https://corponarino.gov.co/wp-content/uploads/2024/05/9.-585.-SEGUIMIENTO-LA-UNION-17-DE-DICIEMBRE-2019.pdf', 'description': 'Informe'}"
La Unión,Los Sauces,4543555,1737725,1.622036,-77.101706,1631,Río Mayo,Movimiento en masa,585,2019-12-17T00:00:00.000,"{'url': 'https://corponarino.gov.co/wp-content/uploads/2024/05/9.-585.-SEGUIMIENTO-LA-UNION-17-DE-DICIEMBRE-2019.pdf', 'description': 'Informe'}"
El Tambo,Vereda San Pedro,4505061,1714422,1.411023,-77.446519,1707,Río Guáitara- Río Juanambú,Caída de roca,533,2019-11-22T00:00:00.000,"{'url': 'https://corponarino.gov.co/wp-content/uploads/2024/05/DESLIZAMIENTO-EL-TAMBO-20-NOVIEMBRE-DE-2019.pdf', 'description': 'Informe'}"
La Florida,Casco urbano,4509801,1702023,1.299216,-77.403813,2188,Río Guáitara,Avenida torrencial,1417,2019-10-29T00:00:00.000,"{'url': 'https://corponarino.gov.co/wp-content/uploads/2024/05/SEGUIMIENTO-LA-FORIDA-31-DE-OCTUBRE-DE-2019.pdf', 'description': 'Informe'}"
San Pedro de Cartago,La Estancia,4547665,1728444,1.538322,-77.064672,2307,Río Mayo,Movimiento en masa,1263,2019-09-30T00:00:00.000,"{'url': 'https://corponarino.gov.co/wp-content/uploads/2024/05/3.-1263.-SEGUIMIENTO-SAN-PEDRO-DE-CARTAGO-30-SEPTIEMBRE-20191.pdf', 'description': 'Informe'}"
Guaitarilla,EL PARAMILLO,4499400,1686987,1.163388,-77.496834,2260,Río Guáitara,Movimiento en masa,398,2019-09-20T00:00:00.000,"{'url': 'https://corponarino.gov.co/wp-content/uploads/2024/05/19.-398.-SOLICITUD-GUAITARILLA-18-SEPT-2019.pdf', 'description': 'Informe'}"
Pasto,Túnel Daza,4526044,1698305,1.265914,-77.258113,2757,Río Juanambú,Coluviones,450,2019-09-20T00:00:00.000,"{'url': 'https://corponarino.gov.co/wp-content/uploads/2024/05/SOLICITUD-DAZA-23-OCT-2019.pdf', 'description': 'Informe'}"
El Tambo,Vereda la Sultana,4554043,1729795,1.550631,-77.007477,2800,Río Guáitara- Río Juanambú,Deslizamiento,1191,2019-09-16T00:00:00.000,"{'url': 'https://corponarino.gov.co/wp-content/uploads/2024/05/SEGUIMIENTO-EL-TAMBO-16-SEPTIEMBRE-20191.pdf', 'description': 'Informe'}"
El Rosario,Río Grande,4517777,1744607,1.683659,-77.333054,552,Río Patía,Inundación,1166,2019-09-11T00:00:00.000,"{'url': 'https://corponarino.gov.co/wp-content/uploads/2024/05/SEGUIMIENTO-EL-ROSARIO11-SEPTIEMBRE-DE-2019.pdf', 'description': 'Informe'}"
San Pedro de Cartago,Casco urbano,4541564,1729653,1.54913,-77.119422,2102,Río Mayo,Movimiento en masa,1133,2019-09-02T00:00:00.000,"{'url': 'https://corponarino.gov.co/wp-content/uploads/2024/05/2.1133.-SEGUIMIENTO-SAN-PEDRO-DE-CARTAGO-2-SEPTIEMBRE-DE-2019.pdf', 'description': 'Informe'}"
La Cruz,Tajumbina,4561413,1731267,1.564045,-76.94138,2510,Río Mayo,"Avenida torrencial, movimiento en masa",357,2019-08-22T00:00:00.000,"{'url': 'https://corponarino.gov.co/wp-content/uploads/2024/05/16.-357.-AVENIDA-TORRENCIAL-LA-CRUZ-22-AGOSTO-DE-2019.pdf', 'description': 'Informe'}"
Guaitarilla,El Paramillo,4499400,1686987,1.163388,-77.496834,2260,Río Guáitara,Movimiento en masa,398,2019-08-18T00:00:00.000,"{'url': 'https://corponarino.gov.co/wp-content/uploads/2024/05/19.-398.-SOLICITUD-GUAITARILLA-18-SEPT-2019.pdf', 'description': 'Informe'}"
Consacá,Río Azufral,4504254,1691559,1.204714,-77.453389,1710,Río Guáitara,Deslizamiento,1030,2019-08-09T00:00:00.000,"{'url': 'https://corponarino.gov.co/wp-content/uploads/2024/05/13.-1030.-SEGUIMIENTO-CONSACA-19-JUNIO-DE-2019.pdf', 'description': 'Informe'}"
Consacá,Río Azufral,4497684,1697027,1.253946,-77.512374,1234,Río Guáitara,Deslizamiento,1030,2019-08-09T00:00:00.000,"{'url': 'https://corponarino.gov.co/wp-content/uploads/2024/05/13.-1030.-SEGUIMIENTO-CONSACA-19-JUNIO-DE-2019.pdf', 'description': 'Informe'}"
Funes,Chitarran,4502272,1660459,0.924066,-77.470748,2476,Río Guáitara,Movimiento en masa,506,2019-07-05T00:00:00.000,"{'url': 'https://corponarino.gov.co/wp-content/uploads/2024/05/10.-506.-SEGUIMIENTO-PUERRES-7-DE-MAYO-DE-2019-1.pdf', 'description': 'Informe'}"
Puerres,San Mateo,4502241,1658712,0.908294,-77.471007,2654,Río Guáitara,Movimiento en masa,506,2019-07-05T00:00:00.000,"{'url': 'https://corponarino.gov.co/wp-content/uploads/2024/05/10.-506.-SEGUIMIENTO-PUERRES-7-DE-MAYO-DE-2019-1.pdf', 'description': 'Informe'}"
San Bernardo,La Mina,4554043,1729795,1.550629,-77.007477,2800,Río Mayo,"Avenida torrencial, movimiento en masa",791,2019-06-19T00:00:00.000,"{'url': 'https://corponarino.gov.co/wp-content/uploads/2024/05/12.-791.-SEGUIMIENTO-SAN-BERNARDO-JUNIO-DE-2019.pdf', 'description': 'Informe'}"
San Bernardo,La Mina,4553924,1729002,1.543467,-77.008532,2709,Río Mayo,"Avenida torrencial, movimiento en masa",791,2019-06-19T00:00:00.000,"{'url': 'https://corponarino.gov.co/wp-content/uploads/2024/05/12.-791.-SEGUIMIENTO-SAN-BERNARDO-JUNIO-DE-2019.pdf', 'description': 'Informe'}"
San Bernardo,La Mina,4552151,1725551,1.51228,-77.02438,2557,Río Mayo,"Avenida torrencial, movimiento en masa",791,2019-06-19T00:00:00.000,"{'url': 'https://corponarino.gov.co/wp-content/uploads/2024/05/12.-791.-SEGUIMIENTO-SAN-BERNARDO-JUNIO-DE-2019.pdf', 'description': 'Informe'}"
Funes,La Vega,4506870,1669915,1.009441,-77.429646,2038,Río Guáitara,Avenida torrencial,492,2019-06-11T00:00:00.000,"{'url': 'https://corponarino.gov.co/wp-content/uploads/2024/05/11.-492.-AVENIDA-TORRENCIAL-FUNES-LA-VEGA-6-13NOVIEMBRE-DE-2019.pdf', 'description': 'Informe'}"
Funes,La Vega,4507112,1670111,1.011214,-77.427481,2086,Río Guáitara,Avenida torrencial,492,2019-06-11T00:00:00.000,"{'url': 'https://corponarino.gov.co/wp-content/uploads/2024/05/11.-492.-AVENIDA-TORRENCIAL-FUNES-LA-VEGA-6-13NOVIEMBRE-DE-2019.pdf', 'description': 'Informe'}"
Funes,La Vega,4506523,1669709,1.007578,-77.432754,1944,Río Guáitara,Avenida torrencial,492,2019-06-11T00:00:00.000,"{'url': 'https://corponarino.gov.co/wp-content/uploads/2024/05/11.-492.-AVENIDA-TORRENCIAL-FUNES-LA-VEGA-6-13NOVIEMBRE-DE-2019.pdf', 'description': 'Informe'}"
Chachagüí,Vereda Las Lomitas,4525048,1709905,1.370593,-77.267223,1982,Río Juanambú,Inestabilidad de talud,506,2019-05-21T00:00:00.000,"{'url': 'https://corponarino.gov.co/wp-content/uploads/2024/05/SEGUIMIENTO-CHACHAGUI-15-MAYO-DE-2019.pdf', 'description': 'Informe'}"
La Unión,Las Palmas,4545038,1730340,1.555393,-77.088271,2564,Río Mayo,Movimiento en masa,495,2019-04-24T00:00:00.000,"{'url': 'https://corponarino.gov.co/wp-content/uploads/2024/05/8.-495.-SEGUIMIENTO-LA-UNION-2-DE-ABRIL-2019.pdf', 'description': 'Informe'}"
La Unión,Las Palmas,4545159,1730696,1.558609,-77.087192,2563,Río Mayo,Movimiento en masa,495,2019-04-24T00:00:00.000,"{'url': 'https://corponarino.gov.co/wp-content/uploads/2024/05/8.-495.-SEGUIMIENTO-LA-UNION-2-DE-ABRIL-2019.pdf', 'description': 'Informe'}"
La Unión,Las Palmas,4545079,1730838,1.55989,-77.087912,2548,Río Mayo,Movimiento en masa,495,2019-04-24T00:00:00.000,"{'url': 'https://corponarino.gov.co/wp-content/uploads/2024/05/8.-495.-SEGUIMIENTO-LA-UNION-2-DE-ABRIL-2019.pdf', 'description': 'Informe'}"
La Unión,Las Palmas,4545202,1731006,1.561409,-77.086811,2554,Río Mayo,Movimiento en masa,495,2019-04-24T00:00:00.000,"{'url': 'https://corponarino.gov.co/wp-content/uploads/2024/05/8.-495.-SEGUIMIENTO-LA-UNION-2-DE-ABRIL-2019.pdf', 'description': 'Informe'}"
La Unión,Las Palmas,4545383,1731385,1.564833,-77.085194,2478,Río Mayo,Avenida torrencial,495,2019-04-24T00:00:00.000,"{'url': 'https://corponarino.gov.co/wp-content/uploads/2024/05/8.-495.-SEGUIMIENTO-LA-UNION-2-DE-ABRIL-2019.pdf', 'description': 'Informe'}"
La Unión,Las Palmas,4545402,1731557,1.566386,-77.085027,2430,Río Mayo,Movimiento en masa,495,2019-04-24T00:00:00.000,"{'url': 'https://corponarino.gov.co/wp-content/uploads/2024/05/8.-495.-SEGUIMIENTO-LA-UNION-2-DE-ABRIL-2019.pdf', 'description': 'Informe'}"
La Unión,Las Palmas,4545652,1731129,1.562527,-77.082777,2506,Río Mayo,Movimiento en masa,495,2019-04-24T00:00:00.000,"{'url': 'https://corponarino.gov.co/wp-content/uploads/2024/05/8.-495.-SEGUIMIENTO-LA-UNION-2-DE-ABRIL-2019.pdf', 'description': 'Informe'}"
La Unión,Las Palmas,4545655,1731129,1.562527,-77.08275,2505,Río Mayo,Movimiento en masa,495,2019-04-24T00:00:00.000,"{'url': 'https://corponarino.gov.co/wp-content/uploads/2024/05/8.-495.-SEGUIMIENTO-LA-UNION-2-DE-ABRIL-2019.pdf', 'description': 'Informe'}"
La Unión,Las Palmas,4545221,1730967,1.561057,-77.08664,2488,Río Mayo,Movimiento en masa,495,2019-04-24T00:00:00.000,"{'url': 'https://corponarino.gov.co/wp-content/uploads/2024/05/8.-495.-SEGUIMIENTO-LA-UNION-2-DE-ABRIL-2019.pdf', 'description': 'Informe'}"
Ancuya,Papayal,4496611,1697226,1.255726,-77.521988,1328,Río Guáitara,Deslizamiento,306,2019-03-29T00:00:00.000,"{'url': 'https://corponarino.gov.co/wp-content/uploads/2024/05/7.-306.-SEGUIMIENTO-ANCUYA-29-DE-MARZO-2019.pdf', 'description': 'Informe'}"
Ancuya,Vía Ancuya- Guaitarilla,4493372,1692101,1.209437,-77.550948,2130,Río Guáitara,Deslizamiento,306,2019-03-29T00:00:00.000,"{'url': 'https://corponarino.gov.co/wp-content/uploads/2024/05/7.-306.-SEGUIMIENTO-ANCUYA-29-DE-MARZO-2019.pdf', 'description': 'Informe'}"
Mallama,Chambú,4467979,1678511,1.086476,-77.778328,2215,Río Güiza,Movimiento en masa,187,2019-03-21T00:00:00.000,"{'url': 'https://corponarino.gov.co/wp-content/uploads/2024/05/4.-187.-SEGUIMIENTO-MALLAMA-15-DE-MARZO-2019.pdf', 'description': 'Informe'}"
Mallama,El Guabo,4462858,1680486,1.104216,-77.824241,2054,Río Güiza,Movimiento en masa,187,2019-03-21T00:00:00.000,"{'url': 'https://corponarino.gov.co/wp-content/uploads/2024/05/4.-187.-SEGUIMIENTO-MALLAMA-15-DE-MARZO-2019.pdf', 'description': 'Informe'}"
Mallama,Mallama,4446026,1690352,1.192917,-77.975189,1317,Río Güiza,Movimiento en masa,187,2019-03-21T00:00:00.000,"{'url': 'https://corponarino.gov.co/wp-content/uploads/2024/05/4.-187.-SEGUIMIENTO-MALLAMA-15-DE-MARZO-2019.pdf', 'description': 'Informe'}"
Mallama,El Guabo,4463693,1680570,1.104977,-77.816758,2124,Río Güiza,Movimiento en masa,187,2019-03-21T00:00:00.000,"{'url': 'https://corponarino.gov.co/wp-content/uploads/2024/05/4.-187.-SEGUIMIENTO-MALLAMA-15-DE-MARZO-2019.pdf', 'description': 'Informe'}"
Ricaurte,Alto Cartagena,4444761,1692978,1.216578,-77.986562,1317,Río Güiza,Deslizamiento,138,2019-03-21T00:00:00.000,"{'url': 'https://corponarino.gov.co/wp-content/uploads/2024/05/SEGUIMIENTO-RICAURTE-15-DE-MARZO-2019.pdf', 'description': 'Informe'}"
San Pedro de Cartago,El Salado,4544885,1729596,1.548674,-77.089631,2678,Río Mayo,Movimiento en masa,34,2019-02-21T00:00:00.000,"{'url': 'https://corponarino.gov.co/wp-content/uploads/2024/05/1.-034.-SEGUIMIENTO-SAN-PEDRO-DE-CARTAGO-21-02-2019.pdf', 'description': 'Informe'}"
San Pedro de Cartago,El Salado,4545189,1729812,1.550629,-77.086907,2735,Río Mayo,Movimiento en masa,34,2019-02-21T00:00:00.000,"{'url': 'https://corponarino.gov.co/wp-content/uploads/2024/05/1.-034.-SEGUIMIENTO-SAN-PEDRO-DE-CARTAGO-21-02-2019.pdf', 'description': 'Informe'}"
San Pedro de Cartago,El Salado,4545299,1729918,1.551588,-77.085922,2782,Río Mayo,Movimiento en masa,34,2019-02-21T00:00:00.000,"{'url': 'https://corponarino.gov.co/wp-content/uploads/2024/05/1.-034.-SEGUIMIENTO-SAN-PEDRO-DE-CARTAGO-21-02-2019.pdf', 'description': 'Informe'}"
San Pedro de Cartago,Chimayoy Alto,4545550,1727648,1.5311,-77.083632,2379,Río Mayo,Movimiento en masa,34,2019-02-21T00:00:00.000,"{'url': 'https://corponarino.gov.co/wp-content/uploads/2024/05/1.-034.-SEGUIMIENTO-SAN-PEDRO-DE-CARTAGO-21-02-2019.pdf', 'description': 'Informe'}"
San Pedro de Cartago,Chimayoy Alto,4545609,1727635,1.530983,-77.083102,2377,Río Mayo,Movimiento en masa,34,2019-02-21T00:00:00.000,"{'url': 'https://corponarino.gov.co/wp-content/uploads/2024/05/1.-034.-SEGUIMIENTO-SAN-PEDRO-DE-CARTAGO-21-02-2019.pdf', 'description': 'Informe'}"
San Pedro de Cartago,Chimayoy Alto,4545812,1727935,1.533695,-77.081286,2334,Río Mayo,Movimiento en masa,34,2019-02-21T00:00:00.000,"{'url': 'https://corponarino.gov.co/wp-content/uploads/2024/05/1.-034.-SEGUIMIENTO-SAN-PEDRO-DE-CARTAGO-21-02-2019.pdf', 'description': 'Informe'}"
San Pedro de Cartago,Chimayoy Alto,4545958,1728024,1.534501,-77.079978,2323,Río Mayo,Movimiento en masa,34,2019-02-21T00:00:00.000,"{'url': 'https://corponarino.gov.co/wp-content/uploads/2024/05/1.-034.-SEGUIMIENTO-SAN-PEDRO-DE-CARTAGO-21-02-2019.pdf', 'description': 'Informe'}"
San Pedro de Cartago,Chimayoy Alto,4545979,1728312,1.537101,-77.079795,2301,Río Mayo,Movimiento en masa,34,2019-02-21T00:00:00.000,"{'url': 'https://corponarino.gov.co/wp-content/uploads/2024/05/1.-034.-SEGUIMIENTO-SAN-PEDRO-DE-CARTAGO-21-02-2019.pdf', 'description': 'Informe'}"
San Pedro de Cartago,Chimayoy Alto,4545961,1728505,1.538843,-77.079959,2284,Río Mayo,Avenida torrencial,34,2019-02-21T00:00:00.000,"{'url': 'https://corponarino.gov.co/wp-content/uploads/2024/05/1.-034.-SEGUIMIENTO-SAN-PEDRO-DE-CARTAGO-21-02-2019.pdf', 'description': 'Informe'}"
San Pedro de Cartago,Yanangona La Estancia,4546943,1728665,1.540305,-77.071153,2294,Río Mayo,"Avenida torrencial. movimiento en masa",34,2019-02-21T00:00:00.000,"{'url': 'https://corponarino.gov.co/wp-content/uploads/2024/05/1.-034.-SEGUIMIENTO-SAN-PEDRO-DE-CARTAGO-21-02-2019.pdf', 'description': 'Informe'}"
San Pedro de Cartago,La Estancia,4547643,1728459,1.538457,-77.06487,2295,Río Mayo,"Avenida torrencial, movimiento en masa",34,2019-02-21T00:00:00.000,"{'url': 'https://corponarino.gov.co/wp-content/uploads/2024/05/1.-034.-SEGUIMIENTO-SAN-PEDRO-DE-CARTAGO-21-02-2019.pdf', 'description': 'Informe'}"
La Cruz,Tajumbina,4561413,1731267,1.564045,-76.94138,2510,Río Mayo,Avenida torrencial,1262,2019-02-10T00:00:00.000,"{'url': 'https://corponarino.gov.co/wp-content/uploads/2024/05/17.-1262.-SEGUIMIENTO-LA-CRUZ-TAJUMBINA-30-SEPTIEMBRE-2019.pdf', 'description': 'Informe'}"
La Llanada,Vía La Llanada- Samaniego,4489484,1720936,1.469525,-77.586285,2237,Río Guáitara,Deslizamiento,2002,2018-12-11T00:00:00.000,"{'url': 'https://corponarino.gov.co/wp-content/uploads/2024/05/CONTROL-Y-MONITOREO-LA-LLANADA-7-DICIEMBRE-DE-2018.pdf', 'description': 'Informe'}"
La Llanada,Vía La Llanada- Samaniego,4489851,1720111,1.462083,-77.582976,2226,Río Guáitara,Deslizamiento,2002,2018-12-11T00:00:00.000,"{'url': 'https://corponarino.gov.co/wp-content/uploads/2024/05/CONTROL-Y-MONITOREO-LA-LLANADA-7-DICIEMBRE-DE-2018.pdf', 'description': 'Informe'}"
El Rosario,Río Grande,4517792,1744507,1.682757,-77.332918,561,Río Patía,Inundación,1757,2018-11-13T00:00:00.000,"{'url': 'https://corponarino.gov.co/wp-content/uploads/2024/05/CONTROL-Y-MONITOREO-EL-ROSARIO-31-OCTUBRE-2018.pdf', 'description': 'Informe'}"
El Peñol,Pandango,4508243,1718463,1.447547,-77.418058,1888,Río Juanambú,Deslizamiento,1775,2018-11-02T00:00:00.000,"{'url': 'https://corponarino.gov.co/wp-content/uploads/2024/05/CONTROL-Y-MONITOREO-EL-PENOL-2-NOVIEMBRE-2018.pdf', 'description': 'Informe'}"
El Peñol,Pandango,4505108,1721602,1.475817,-77.446223,1472,Río Juanambú,Deslizamiento,1775,2018-11-02T00:00:00.000,"{'url': 'https://corponarino.gov.co/wp-content/uploads/2024/05/CONTROL-Y-MONITOREO-EL-PENOL-2-NOVIEMBRE-2018.pdf', 'description': 'Informe'}"
Leiva,Las Cañadas,4513585,1766481,1.880973,-77.371115,1388,Río Patía,Deslizamiento,1758,2018-10-31T00:00:00.000,"{'url': 'https://corponarino.gov.co/wp-content/uploads/2024/05/CONTROL-Y-MONITOREO-1758-LEIVA-31-OCT-2018.pdf', 'description': 'Informe'}"
Colón,Génova,4552480,1739203,1.635542,-77.021665,2119,Río Mayo,Deslizamiento rotacional,1553,2018-10-18T00:00:00.000,"{'url': 'https://corponarino.gov.co/wp-content/uploads/2024/05/CONTROL-Y-MONITOREO-COLON-18-SEPTIEMBRE-2018.pdf', 'description': 'Informe'}"
Colón,Génova,4552500,1738744,1.631398,-77.021477,2214,Río Mayo,Deslizamiento rotacional,1553,2018-10-18T00:00:00.000,"{'url': 'https://corponarino.gov.co/wp-content/uploads/2024/05/CONTROL-Y-MONITOREO-COLON-18-SEPTIEMBRE-2018.pdf', 'description': 'Informe'}"
Colón,El Rincón,4552266,1737929,1.624035,-77.023562,2309,Río Mayo,"Deslizamiento, caída de roca",1553,2018-10-18T00:00:00.000,"{'url': 'https://corponarino.gov.co/wp-content/uploads/2024/05/CONTROL-Y-MONITOREO-COLON-18-SEPTIEMBRE-2018.pdf', 'description': 'Informe'}"
Colón,El Rincón,4552644,1737375,1.61904,-77.020161,2399,Río Mayo,Deslizamiento rotacional,1553,2018-10-18T00:00:00.000,"{'url': 'https://corponarino.gov.co/wp-content/uploads/2024/05/CONTROL-Y-MONITOREO-COLON-18-SEPTIEMBRE-2018.pdf', 'description': 'Informe'}"
La Unión,Casco urbano,4540472,1736304,1.609151,-77.129336,1696,Río Mayo,Deslizamiento,1078,2018-08-08T00:00:00.000,"{'url': 'https://corponarino.gov.co/wp-content/uploads/2024/05/CONTROL-Y-MONITOREO-LA-UNION-19-JULIO-2018.pdf', 'description': 'Informe'}"
La Unión,Casco urbano,4540472,1734596,1.593733,-77.129305,1822,Río Mayo,Deslizamiento,1078,2018-08-08T00:00:00.000,"{'url': 'https://corponarino.gov.co/wp-content/uploads/2024/05/CONTROL-Y-MONITOREO-LA-UNION-19-JULIO-2018.pdf', 'description': 'Informe'}"
La Unión,La Fragua,4541563,1735197,1.599178,-77.11953,1557,Río Mayo,Deslizamiento,1078,2018-08-08T00:00:00.000,"{'url': 'https://corponarino.gov.co/wp-content/uploads/2024/05/CONTROL-Y-MONITOREO-LA-UNION-19-JULIO-2018.pdf', 'description': 'Informe'}"
San Lorenzo,La Yunga,4524356,1722350,1.482909,-77.273637,1065,Río Juanambú,Deslizamiento,1051,2018-07-14T00:00:00.000,"{'url': 'https://corponarino.gov.co/wp-content/uploads/2024/05/CONTROL-Y-MONITOREO-SAN-LORENZO-25-JUNIO-2018.pdf', 'description': 'Informe'}"
San Lorenzo,El Cofre,4530909,1727240,1.527161,-77.214951,2310,Río Juanambú,Deslizamiento,1051,2018-07-13T00:00:00.000,"{'url': 'https://corponarino.gov.co/wp-content/uploads/2024/05/CONTROL-Y-MONITOREO-SAN-LORENZO-25-JUNIO-2018.pdf', 'description': 'Informe'}"
San Lorenzo,El Cofre,4531390,1725845,1.514578,-77.210613,2170,Río Juanambú,Deslizamiento,1051,2018-07-12T00:00:00.000,"{'url': 'https://corponarino.gov.co/wp-content/uploads/2024/05/CONTROL-Y-MONITOREO-SAN-LORENZO-25-JUNIO-2018.pdf', 'description': 'Informe'}"
San Lorenzo,San Gerardo,4526675,1730118,1.553061,-77.252977,1969,Río Juanambú,Deslizamiento,1051,2018-07-11T00:00:00.000,"{'url': 'https://corponarino.gov.co/wp-content/uploads/2024/05/CONTROL-Y-MONITOREO-SAN-LORENZO-25-JUNIO-2018.pdf', 'description': 'Informe'}"
La Cruz,La Cabaña,4555928,1732135,1.571788,-76.990606,2582,Río Mayo,Deslizamiento,1057,2018-06-21T00:00:00.000,"{'url': 'https://corponarino.gov.co/wp-content/uploads/2024/05/CONTROL-Y-MONITOREO-LA-CRUZ-21-JUNIO-2018.pdf', 'description': 'Informe'}"
La Cruz,La Cabaña,4554958,1732256,1.572864,-76.999311,2577,Río Mayo,Deslizamiento,1057,2018-06-21T00:00:00.000,"{'url': 'https://corponarino.gov.co/wp-content/uploads/2024/05/CONTROL-Y-MONITOREO-LA-CRUZ-21-JUNIO-2018.pdf', 'description': 'Informe'}"
La Cruz,La Cabaña,4555456,1732733,1.577179,-76.994851,2578,Río Mayo,Deslizamiento,1057,2018-06-21T00:00:00.000,"{'url': 'https://corponarino.gov.co/wp-content/uploads/2024/05/CONTROL-Y-MONITOREO-LA-CRUZ-21-JUNIO-2018.pdf', 'description': 'Informe'}"
La Cruz,La Cabaña,4555186,1732326,1.5735,-76.997266,2572,Río Mayo,Deslizamiento,1057,2018-06-21T00:00:00.000,"{'url': 'https://corponarino.gov.co/wp-content/uploads/2024/05/CONTROL-Y-MONITOREO-LA-CRUZ-21-JUNIO-2018.pdf', 'description': 'Informe'}"
La Cruz,San Gerardo,4561491,1738150,1.626195,-76.940798,2307,Río Mayo,Deslizamiento,1057,2018-06-21T00:00:00.000,"{'url': 'https://corponarino.gov.co/wp-content/uploads/2024/05/CONTROL-Y-MONITOREO-LA-CRUZ-21-JUNIO-2018.pdf', 'description': 'Informe'}"
La Cruz,Moncayo,4564078,1734054,1.589256,-76.917515,2433,Río Mayo,Deslizamiento,1057,2018-06-21T00:00:00.000,"{'url': 'https://corponarino.gov.co/wp-content/uploads/2024/05/CONTROL-Y-MONITOREO-LA-CRUZ-21-JUNIO-2018.pdf', 'description': 'Informe'}"
Pasto,Briceño Alto,4519891,1696316,1.247868,-77.313263,2585,Río Juanambú,Caída de roca,339,2018-06-20T00:00:00.000,"{'url': 'https://corponarino.gov.co/wp-content/uploads/2024/05/Informe-Tecnico-Briceno-Alto-2018.pdf', 'description': 'Informe'}"
San José de Alban,EL cebadero,4544106,1718862,1.451758,-77.096441,1594,Río Juanambú,Deslizamiento,828,2018-06-18T00:00:00.000,"{'url': 'https://corponarino.gov.co/wp-content/uploads/2024/07/CONTROL-Y-MONITOREO-ALBAN-1-JUNIO-2018.pdf', 'description': 'Informe'}"
San José de Alban,Barrio Fatima,4546121,1722615,1.485672,-77.078425,1765,Río Juanambú,Deslizamiento,828,2018-06-18T00:00:00.000,"{'url': 'https://corponarino.gov.co/wp-content/uploads/2024/07/CONTROL-Y-MONITOREO-ALBAN-1-JUNIO-2018.pdf', 'description': 'Informe'}"
San José de Alban,Campo bello,4547450,1723021,1.489362,-77.066509,1832,Río Juanambú,Deslizamiento,828,2018-06-18T00:00:00.000,"{'url': 'https://corponarino.gov.co/wp-content/uploads/2024/07/CONTROL-Y-MONITOREO-ALBAN-1-JUNIO-2018.pdf', 'description': 'Informe'}"
San José de Alban,Barrio Los Robles,4545936,1721065,1.471672,-77.08006,1989,Río Juanambú,Deslizamiento,828,2018-06-18T00:00:00.000,"{'url': 'https://corponarino.gov.co/wp-content/uploads/2024/07/CONTROL-Y-MONITOREO-ALBAN-1-JUNIO-2018.pdf', 'description': 'Informe'}"
San Bernardo,Casco urbano,4553884,1729430,1.547331,-77.008898,2833,Río Juanambú,Deslizamiento,812,2018-06-13T00:00:00.000,"{'url': 'https://corponarino.gov.co/wp-content/uploads/2024/05/CONTROL-Y-MONITOREO-EL-PAILON-1-JUNIO-2018.pdf', 'description': 'Informe'}"
San Bernardo,Casco urbano,4551208,1725575,1.512481,-77.03284,2256,Río Juanambú,Deslizamiento,732,2018-05-28T00:00:00.000,"{'url': 'https://corponarino.gov.co/wp-content/uploads/2024/05/CONTROL-Y-MONITOREO-Q.-EL-ROLLO-17-MAYO-2018.pdf', 'description': 'Informe'}"
Belén,Casco urbano,4553226,1734983,1.597455,-77.014897,2466,Río Mayo,Deslizamiento,651,2018-05-11T00:00:00.000,"{'url': 'https://corponarino.gov.co/wp-content/uploads/2024/05/CONTROL-Y-MONITOREO-BELEN-3-DE-MAYO-2018.pdf', 'description': 'Informe'}"
Belén,Casco urbano,4553166,1734991,1.597526,-77.015435,2473,Río Mayo,Hundimiento de terreno y grietas,651,2018-05-11T00:00:00.000,"{'url': 'https://corponarino.gov.co/wp-content/uploads/2024/05/CONTROL-Y-MONITOREO-BELEN-3-DE-MAYO-2018.pdf', 'description': 'Informe'}"
Belén,Casco urbano,4552143,1734931,1.596966,-77.024612,2580,Río Mayo,Deslizamiento,651,2018-05-11T00:00:00.000,"{'url': 'https://corponarino.gov.co/wp-content/uploads/2024/05/CONTROL-Y-MONITOREO-BELEN-3-DE-MAYO-2018.pdf', 'description': 'Informe'}"
El Rosario,Río Grande,4517792,1744507,1.682757,-77.332918,561,Río Patía,Inundación,759,2017-09-28T00:00:00.000,"{'url': 'https://corponarino.gov.co/wp-content/uploads/2024/05/Informe-Tecnico-El-Rosario-14-de-sep-2017.pdf', 'description': 'Informe'}"
San Pedro de Cartago,Casco urbano,4541693,1729953,1.551841,-77.11827,2074,Río Juanambú,Deslizamiento,1637,2017-08-17T00:00:00.000,"{'url': 'https://corponarino.gov.co/wp-content/uploads/2024/05/CONTROL-Y-MONITOREO-CARTAGO-17-DE-AGOSTO-DEL-2017.pdf', 'description': 'Informe'}"
San Pedro de Cartago,Casco urbano,4541797,1730007,1.55233,-77.117338,2065,Río Juanambú,Deslizamiento,1637,2017-08-17T00:00:00.000,"{'url': 'https://corponarino.gov.co/wp-content/uploads/2024/05/CONTROL-Y-MONITOREO-CARTAGO-17-DE-AGOSTO-DEL-2017.pdf', 'description': 'Informe'}"
Belén,Casco urbano,4553166,1734991,1.597526,-77.015435,2473,Río Mayo,"Procesos erosivos, grietas",475,2017-07-11T00:00:00.000,"{'url': 'https://corponarino.gov.co/wp-content/uploads/2024/05/Informe-Tecnico-Belen-2017.pdf', 'description': 'Informe'}"
Belén,Casco urbano,4553226,1734983,1.597455,-77.014897,2466,Río Mayo,Deslizamiento,475,2017-07-11T00:00:00.000,"{'url': 'https://corponarino.gov.co/wp-content/uploads/2024/05/Informe-Tecnico-Belen-2017.pdf', 'description': 'Informe'}"
Belén,Casco urbano,4552143,1734931,1.596966,-77.024612,2580,Río Mayo,Deslizamiento,475,2017-07-11T00:00:00.000,"{'url': 'https://corponarino.gov.co/wp-content/uploads/2024/05/Informe-Tecnico-Belen-2017.pdf', 'description': 'Informe'}"
La Unión,Casco urbano,4540273,1734544,1.59326,-77.13109,1830,Río Mayo,Deslizamiento,474,2017-07-11T00:00:00.000,"{'url': 'https://corponarino.gov.co/wp-content/uploads/2024/05/Informe-Tecnico-La-Union-29-de-Julio-2017.pdf', 'description': 'Informe'}"
San Bernardo,Sabanetas,4551790,1725686,1.513493,-77.027621,2246,Río Juanambú,Deslizamiento,653,2017-04-17T00:00:00.000,"{'url': 'https://corponarino.gov.co/wp-content/uploads/2024/05/ConceptoTecnico-San-Bernardo-11-abril-2017.pdf', 'description': 'Informe'}"
La Cruz,Tajumbina,4560253,1732320,1.573533,-76.951805,2605,Río Mayo,Deslizamiento,570,2016-11-09T00:00:00.000,"{'url': 'https://corponarino.gov.co/wp-content/uploads/2024/05/Informe-Tecnico-La-Cruz-Tajumbina-9-de-Noviembre-2016.pdf', 'description': 'Informe'}"
San Bernardo,Los Alpes,4549986,1725852,1.514961,-77.043807,2041,Río Juanambú,Deslizamiento,1461,2016-10-25T00:00:00.000,"{'url': 'https://corponarino.gov.co/wp-content/uploads/2024/05/Concepto-Tecnico-1461-San-Bernardo-2016.pdf', 'description': 'Informe'}"
San Bernardo,Los Alpes,4549986,1725852,1.514961,-77.043807,2041,Río Juanambú,Deslizamiento,516,2016-10-19T00:00:00.000,"{'url': 'https://corponarino.gov.co/wp-content/uploads/2024/05/Informe-Tecnico-516-San-Bernardo-2016.pdf', 'description': 'Informe'}"
San Pablo,La Chorrera,4550770,1744759,1.685671,-77.037108,1839,Río Mayo,Deslizamiento,184,2014-05-19T00:00:00.000,"{'url': 'https://corponarino.gov.co/wp-content/uploads/2024/05/INFORME-184-VISITA-TECNICA-A-MPIO-DE-SAN-PABLO-Vereda-la-Chorrera-2014.pdf', 'description': 'Informe'}"
San Pablo,La Chorrera,4550795,1744881,1.686773,-77.036886,1839,Río Mayo,Deslizamiento rotacional,184,2014-05-19T00:00:00.000,"{'url': 'https://corponarino.gov.co/wp-content/uploads/2024/05/INFORME-184-VISITA-TECNICA-A-MPIO-DE-SAN-PABLO-Vereda-la-Chorrera-2014.pdf', 'description': 'Informe'}"
San Pablo,La Chorrera,4550411,1745043,1.688229,-77.040334,2112,Río Mayo,Deslizamiento traslacional,184,2014-05-19T00:00:00.000,"{'url': 'https://corponarino.gov.co/wp-content/uploads/2024/05/INFORME-184-VISITA-TECNICA-A-MPIO-DE-SAN-PABLO-Vereda-la-Chorrera-2014.pdf', 'description': 'Informe'}"
San Pablo,La Chorrera,4550541,1744783,1.685884,-77.039163,1930,Río Mayo,Caída de piedra,184,2014-05-19T00:00:00.000,"{'url': 'https://corponarino.gov.co/wp-content/uploads/2024/05/INFORME-184-VISITA-TECNICA-A-MPIO-DE-SAN-PABLO-Vereda-la-Chorrera-2014.pdf', 'description': 'Informe'}"
San Pablo,La Chorrera,4550649,1744610,1.684324,-77.038191,1875,Río Mayo,Deslizamiento rotacional,184,2014-05-19T00:00:00.000,"{'url': 'https://corponarino.gov.co/wp-content/uploads/2024/05/INFORME-184-VISITA-TECNICA-A-MPIO-DE-SAN-PABLO-Vereda-la-Chorrera-2014.pdf', 'description': 'Informe'}"
San Lorenzo,Casco urbano,4531064,1724763,1.504805,-77.213518,2070,Río Juanambú,Caída de banca,449,2013-10-17T00:00:00.000,"{'url': 'https://corponarino.gov.co/wp-content/uploads/2024/05/INFORME-449-VISITA-MUNICIPIO-DE-SAN-LORENZO-2013.pdf', 'description': 'Informe'}"
San Lorenzo,El Cofre,4531383,1726271,1.518423,-77.210683,2221,Río Juanambú,Deslizamiento,449,2013-10-17T00:00:00.000,"{'url': 'https://corponarino.gov.co/wp-content/uploads/2024/05/INFORME-449-VISITA-MUNICIPIO-DE-SAN-LORENZO-2013.pdf', 'description': 'Informe'}"
San Lorenzo,El Guabo,4526624,1731615,1.566572,-77.253461,1842,Río Juanambú,Deslizamiento,449,2013-10-17T00:00:00.000,"{'url': 'https://corponarino.gov.co/wp-content/uploads/2024/05/INFORME-449-VISITA-MUNICIPIO-DE-SAN-LORENZO-2013.pdf', 'description': 'Informe'}"
Belén,Casco urbano,4553301,1734929,1.596969,-77.014223,2482,Río Mayo,Deslizamiento,387,2013-09-24T00:00:00.000,"{'url': 'https://corponarino.gov.co/wp-content/uploads/2024/05/INFORME-387-VISITA-TECNICA-MUNICIPIO-DE-BELEN-ACOMPANAMIENTO-DAGRD-2013.pdf', 'description': 'Informe'}"
Belén,Casco urbano,4553265,1734988,1.597501,-77.014547,2502,Río Mayo,Deslizamiento,387,2013-09-24T00:00:00.000,"{'url': 'https://corponarino.gov.co/wp-content/uploads/2024/05/INFORME-387-VISITA-TECNICA-MUNICIPIO-DE-BELEN-ACOMPANAMIENTO-DAGRD-2013.pdf', 'description': 'Informe'}"
La Unión,Casco urbano,4540674,1735296,1.600055,-77.127506,1773,Río Mayo,Deslizamiento,309,2013-08-09T00:00:00.000,"{'url': 'https://corponarino.gov.co/wp-content/uploads/2024/05/INFORME-309-VISITA-TECNICA-MUNICIPIO-DE-LA-UNION-2013.pdf', 'description': 'Informe'}"
La Unión,Casco urbano,4540139,1734658,1.594286,-77.132294,1779,Río Mayo,Deslizamiento,309,2013-08-09T00:00:00.000,"{'url': 'https://corponarino.gov.co/wp-content/uploads/2024/05/INFORME-309-VISITA-TECNICA-MUNICIPIO-DE-LA-UNION-2013.pdf', 'description': 'Informe'}"
La Cruz,Casco urbano,4558437,1735298,1.60039,-76.96815,2370,Río Mayo,Erosión,250,2013-07-10T00:00:00.000,"{'url': 'https://corponarino.gov.co/wp-content/uploads/2024/05/INFORME-250-VISITA-TECNICA-LA-CRUZ-PUENTE-FENELON-ORDONEZ-2013.pdf', 'description': 'Informe'}"
San Bernardo,Casco urbano,4551523,1728801,1.541611,-77.030068,2192,Río Juanambú,Deslizamiento,738,2012-11-01T00:00:00.000,"{'url': 'https://corponarino.gov.co/wp-content/uploads/2024/05/IT-738-Sambernardo-B.-la-Vega-Quebrada-la-Minga-2012.pdf', 'description': 'Informe'}"
San Bernardo,Casco urbano,4549863,1725872,1.515139,-77.044911,2056,Río Juanambú,Deslizamiento,739,2012-11-01T00:00:00.000,"{'url': 'https://corponarino.gov.co/wp-content/uploads/2024/05/IT-739-Sambernardo-B.Guadalupe-Quebrada-el-Rollo-2012.pdf', 'description': 'Informe'}"
San Bernardo,Casco urbano,4549527,1725649,1.51312,-77.047921,1998,Río Juanambú,Deslizamiento,740,2012-11-01T00:00:00.000,"{'url': 'https://corponarino.gov.co/wp-content/uploads/2024/05/IT-740-Sambernardo-B.jardin-Quebrada-sanbernardo-2012.pdf', 'description': 'Informe'}"
San Bernardo,Mirador La Playa,4549458,1726028,1.516541,-77.048547,1982,Río Juanambú,Deslizamiento,1,2012-03-14T00:00:00.000,"{'url': 'https://corponarino.gov.co/wp-content/uploads/2024/05/2012_03_16_Informe-SM_01-2012_Visita-MSan-Bernardo_MiradorLaPlaya-2012.pdf', 'description': 'Informe'}"
San Bernardo,Casco urbano,4549495,1725874,1.515151,-77.048212,1964,Río Juanambú,Deslizamiento,2,2011-02-14T00:00:00.000,"{'url': 'https://corponarino.gov.co/wp-content/uploads/2024/05/INFORME-002-AREA-INESTABLE-QUEBRADA-SAN-BERNARDO-MUNICIPIO-DE-SAN-BERNARDO-2011.pdf', 'description': 'Informe'}"
San Bernardo,Mirador La Playa,4549364,1726226,1.518327,-77.049393,2067,Río Juanambú,Deslizamiento,146,2010-12-30T00:00:00.000,"{'url': 'https://corponarino.gov.co/wp-content/uploads/2024/05/INFORME-AREA-INESTABLE-MIRADOR-LA-PLAYA-MUNICIPIO-DE-SAN-BERNARDO-2010.pdf', 'description': 'Informe'}"
Leiva,El Palmar,4515982,1774771,1.955841,-77.349806,1259,Río Patía,Hundimiento de banca,135,2010-11-25T00:00:00.000,"{'url': 'https://corponarino.gov.co/wp-content/uploads/2024/05/INFORME-135-MUNICIPIO-DE-LEIVA-2010.pdf', 'description': 'Informe'}"
Colón,La Primavera,4551464,1741935,1.660188,-77.03083,1738,Río Mayo,Deslizamiento traslacional,661,2009-10-19T00:00:00.000,"{'url': 'https://corponarino.gov.co/wp-content/uploads/2024/05/S-Y-M-661-AMENAZAS-VEREDA-VILLA-NUEVA-MUNICIPIO-DE-GENOVA-2009.pdf', 'description': 'Informe'}"
Colón,Guaitarilla,4551330,1742066,1.661369,-77.032034,1738,Río Mayo,Deslizamiento traslacional,661,2009-10-19T00:00:00.000,"{'url': 'https://corponarino.gov.co/wp-content/uploads/2024/05/S-Y-M-661-AMENAZAS-VEREDA-VILLA-NUEVA-MUNICIPIO-DE-GENOVA-2009.pdf', 'description': 'Informe'}"
Colón,Guaitarilla,4550318,1742660,1.6667130000000001,-77.041124,1655,Río Mayo,Deslizamiento traslacional,661,2009-10-19T00:00:00.000,"{'url': 'https://corponarino.gov.co/wp-content/uploads/2024/05/S-Y-M-661-AMENAZAS-VEREDA-VILLA-NUEVA-MUNICIPIO-DE-GENOVA-2009.pdf', 'description': 'Informe'}"
Colón,Bellavista,4549317,1742766,1.667651,-77.050107,1541,Río Mayo,Deslizamiento traslacional,661,2009-10-19T00:00:00.000,"{'url': 'https://corponarino.gov.co/wp-content/uploads/2024/05/S-Y-M-661-AMENAZAS-VEREDA-VILLA-NUEVA-MUNICIPIO-DE-GENOVA-2009.pdf', 'description': 'Informe'}"
La Cruz,La Estancia,4558639,1734202,1.590498,-76.966319,2461,Río Mayo,Deslizamiento,238,2008-07-07T00:00:00.000,"{'url': 'https://corponarino.gov.co/wp-content/uploads/2024/05/INFORME-238-DESL-VEREDA-LA-ESTANCIA-AFECTACION-TUBERIA-ACUEDUCTO-LA-CRUZ-2008.pdf', 'description': 'Informe'}"
San Bernardo,Casco urbano,4549782,1725834,1.514795,-77.045637,2110,Río Juanambú,Deslizamiento,239,2008-07-07T00:00:00.000,"{'url': 'https://corponarino.gov.co/wp-content/uploads/2024/05/IT-239-Barrio-Villa-Hermosa-San-Bernardo-2008.pdf', 'description': 'Informe'}"
La Cruz,Moncayo,4563321,1734013,1.588872,-76.924307,2227,Río Mayo,Deslizamiento,31,2008-03-18T00:00:00.000,"{'url': 'https://corponarino.gov.co/wp-content/uploads/2024/05/INFORME-031-AREA-INESTABLE-VEREDA-MONCAYO-LA-CRUZ-MARZO-2008.pdf', 'description': 'Informe'}"
Belén,Casco urbano,4553215,1734925,1.596931,-77.014995,2475,Río Mayo,Deslizamiento,745,2007-08-14T00:00:00.000,"{'url': 'https://corponarino.gov.co/wp-content/uploads/2024/05/INFORME-No.-745.-AREAS-INESTABLES-BELEN-2007.pdf', 'description': 'Informe'}"
